subreddit,post_title,comment_text,toxicity_score,explanation
politics,Megathread: Joe Biden Projected to Defeat President Donald Trump and Win the 2020 US Presidential Election,,1,"The text is a neutral announcement of an election result. It contains no negative language, insults, or hostility."
politics,Megathread: Joe Biden Projected to Defeat President Donald Trump and Win the 2020 US Presidential Election,"Donnie, you‚Äôre fired.",5,"The statement is direct and delivers a negative outcome (termination of employment). While there is no personal insult or threat, it expresses a clear criticism with a moderately negative tone. It implies a failure of some kind. It is also mildly hostile because of the abrupt nature of the statement."
politics,Megathread: Joe Biden Projected to Defeat President Donald Trump and Win the 2020 US Presidential Election,"ABC calls it! CNN calls it! MSNBC calls it!

FOX IS NOW CALLING IT! AP IS CALLING IT! BBC IS CALLING IT!

CBS HAS CALLED IT! NYT HAS CALLED IT! EVEN BRIETBART HAS CALLED IT!

EVERYBODY IS CALLING IT!

&#x200B;

THIS RACE IS OVER!",1,The text is simply stating that multiple news sources have called a race. It's purely informational and lacks any negative or hostile language.
politics,Megathread: Joe Biden Projected to Defeat President Donald Trump and Win the 2020 US Presidential Election,EVERYBODY GET IN HERE! Now we celebrate.,1,"The text is neutral and directive, lacking any negative or hostile connotations. It expresses a celebratory tone."
politics,Megathread: Joe Biden Projected to Defeat President Donald Trump and Win the 2020 US Presidential Election,"We can also say goodbye and a hearty fuck you to Giuliani, DeJoy, Devos, Pompeo, Mnuchin, Barr, Conway, and his entire group of gremlin children among others. 

A group large enough to make some sort of evil softball team is getting the boot. Beautiful day.

Edit: Was told I made a mistake leaving out Ajit Pai and I definitely agree. The list is long of people I hope we never see or hear from again.

Edit2: Many have pointed out my glaring omission of Stephen Miller. This far-right white supremacist and anti-immigration Trump sycophant was [ready to double down](https://www.nbcnews.com/politics/immigration/trump-adviser-stephen-miller-reveals-aggressive-second-term-immigration-agenda-n1245407) on his position in a second term. A lot of the beauty in our country comes from our diversity in both the landscapes and the people.",7,"The text uses aggressive language like 'fuck you' and 'gremlin children.' While it doesn't contain direct threats, the overall tone is hostile and insulting, especially towards specific individuals. The strong negative sentiment and name-calling warrant a high toxicity score."
politics,Megathread: Joe Biden Projected to Defeat President Donald Trump and Win the 2020 US Presidential Election,"Let us not soon forget that this victory was never guaranteed. We need to vote like this, every time.",1,"The text is positive and encouraging, with no negative or hostile elements. It promotes civic engagement in a respectful way."
politics,Mitch McConnell Will Lose Control Of The Senate As Democrats Have Swept The Georgia Runoffs,,2,"The statement expresses a political outcome, which could be seen as critical of Mitch McConnell, but it's factual reporting of election results and does not include any hostility or personal attacks."
politics,Mitch McConnell Will Lose Control Of The Senate As Democrats Have Swept The Georgia Runoffs,"
As a reminder, this subreddit [is for civil discussion.](/r/politics/wiki/index#wiki_be_civil)

In general, be courteous to others. Debate/discuss/argue the merits of ideas, don't attack people. Personal insults, shill or troll accusations, hate speech, **any** advocating or wishing death/physical harm, and other rule violations can result in a permanent ban. 

If you see comments in violation of our rules, please report them.

 For those who have questions regarding any media outlets being posted on this subreddit, please click [here](https://www.reddit.com/r/politics/wiki/approveddomainslist) to review our details as to our approved domains list and outlet criteria.

***


*I am a bot, and this action was performed automatically. Please [contact the moderators of this subreddit](/message/compose/?to=/r/politics) if you have any questions or concerns.*",1,"The text is a polite reminder of the subreddit's rules, emphasizing civil discussion and providing links for more information. There is no negativity, hostility, or insults present."
politics,Mitch McConnell Will Lose Control Of The Senate As Democrats Have Swept The Georgia Runoffs,"Well... bye. 

Fucker",8,The text contains a clear insult ('Fucker') and is therefore very hostile. The casual nature does not lessen the impact of the insult.
politics,Mitch McConnell Will Lose Control Of The Senate As Democrats Have Swept The Georgia Runoffs,So... Minority Mitch?,6,"The phrase ""Minority Mitch"" is a derogatory nickname, clearly intended to be insulting and sarcastic. It implies criticism and hostility towards Mitch McConnell."
politics,Mitch McConnell Will Lose Control Of The Senate As Democrats Have Swept The Georgia Runoffs,Fuck Mitch McConnell,8,"The text uses a vulgar and aggressive curse word directed at an individual, indicating significant hostility and a clear insult. While not explicitly threatening, the language is inflammatory."
politics,Mitch McConnell Will Lose Control Of The Senate As Democrats Have Swept The Georgia Runoffs,What we saw in Georgia speaks in volumes to the magnitude of voter suppression in the south. Stacey Abrams and her team really underscored the possibility that Georgia may never have even truly been red  just suppressed.,4,"The text is critical of voter suppression and implies the election results in Georgia might be skewed. While critical, it's not overtly hostile or insulting. There's a noticeable negative tone in the suggestion that results are due to suppression, but it avoids aggressive language."
politics,Megathread: House Votes to Impeach President Donald J. Trump,,1,The text is a neutral headline reporting a factual event. There is no negative language or hostility.
politics,Megathread: House Votes to Impeach President Donald J. Trump,"How about that, he finally won the popular vote.",2,"The statement expresses a fact and has no inherently negative connotations. The phrase 'How about that' is neutral, but it implies a mild level of surprise or acknowledgement, which could be interpreted as slightly critical depending on context."
politics,Megathread: House Votes to Impeach President Donald J. Trump,"VOTING MATTERS.

These last few months have proven beyond a shadow of a doubt that this impeachment would never have happened if voters hadn‚Äôt come out in such great numbers in 2018. 

So do it again, do it better, stay informed and stay on fire for truth and justice, check your registrations, get your friends and neighbors and coworkers and exes and strangers on the street to go with you en masse and VOTE in 2020 in such high numbers that attempts to steal the election or interfere with the outcome fail. Change is still possible and this nation can recover, but it won‚Äôt without you.",2,"The text is positive and encouraging, advocating for voter participation. While it references potential election interference, the tone remains hopeful and focuses on action, with minimal criticism or negativity."
politics,Megathread: House Votes to Impeach President Donald J. Trump,"This isn't the end. Please Register to vote for 2020. Check your status on your state's registration website and make sure you are registered and it's active. They can and will purge you into inactive and you will not be able to vote when you get to the polls.

Find the dates of the booths and locations to vote and be sure to schedule time off from work even if just a couple of hours. Get your friends to register and make sure they have the time and transportation to get there. If we don't win in the senate, we will win in the polls.

Vote Him Out.

EDIT: Thanks for the medals!

You can check your voter Registration here: https://www.vote.org/am-i-registered-to-vote/",3,"The text is primarily informational and encourages civic engagement. The phrase 'Vote Him Out' expresses a political opinion, which is critical but not inherently hostile. There is no hostile language or insults, and the tone is generally positive and encouraging. The 'Vote Him Out' statement is a form of criticism, which slightly elevates the score."
politics,Megathread: House Votes to Impeach President Donald J. Trump,"Forever and ever on wikipedia


https://en.m.wikipedia.org/wiki/List_of_presidential_impeachments",1,"The text is simply a link to a Wikipedia page. It's non-toxic, respectful, and constructive."
politics,Megathread: House Votes to Impeach President Donald J. Trump,"I posted this as I watched it live in the Live Thread. In case anyone wasn‚Äôt able to watch the live debates this evening, Adam Schiff delivered the quote of this century which deserves its place in history. 


Adam Schiff waited patiently as John Ratcliffe delivered fire and brimstone against the Democrats, the Unfair Process, the Unnamed Whistleblower, and then cooly laid a fucking poetic sledgehammer and leveled every Republican response, in one line:

Rep John Ratcliffe, (R) Texas:   ‚ÄúHistory will remember this day as the day the Democrats impeached the president for nothing more than spite.‚Äù

Adam Schiff, (D) California;   **‚ÄùMadam Speaker, I think when the history of this time is written, it will record that when my colleagues found they lacked the courage to stand up to this unethical president, they consoled themselves by attacking those who did.‚Äù**

Schiff is a uniquely gifted orator. These 39 words will be immortalized in history as one sentence which so brilliantly and concisely summarized the willing, blindful, repugnant actions of the GOP, offset by the Democrats trying to ballast our democracy by impeaching this dangerous and corrupt president.


.
.
.
.

**Edit**: Voting in 2018 made this happen. People were pissed, and disgusted, and exasperated, by the direction the country had gone under full republican control in *less than* 2 years. 

At that time I wasn‚Äôt sure if I was registered to vote, then listened to a podcast of Pod Save America (plugging them because I learn more from this podcast than any other on politics) they lead me to this link:

https://www.vote.org/am-i-registered-to-vote/

Folks, if you‚Äôre not sure if you are registered, or even if you are sure, just take the 30 seconds to confirm if you are registered to vote. And if you aren‚Äôt, well here ya go:

https://www.usa.gov/register-to-vote

**Edit 2** Also adding the link to fair fight. 

This is the initiative Stacey Abrahms has initiated to protect voter registration rights, to stop funny business from unscrupulous voting suppression shenanigans the GOP has been deploying - thanks fellow Redditer for he suggestion. 


https://fairfight.com/

**Edit 3**  **(my favorite edit ever)**

*A fellow Redditer sent me a message just now, informing me they registered to vote, from the link I attached above. That is the best fucking result I‚Äôve received of any single post I‚Äôve ever submitted. Beats all the cool blings and upvotes and cool comments I‚Äôve received on my two years on Reddit. Thank you friend for registering!*

Great feeling being able to canvass from my couchüòÅ",5,"The text contains clear criticism and negative tone towards Republicans, referring to their actions as 'willing, blindful, repugnant'. The language is mildly hostile (e.g., 'fucking poetic sledgehammer') but not overly aggressive. The overall tone is politically charged with a strong bias towards the Democrats, which contributes to the negativity."
politics,Trump Threatens to ‚ÄòLeave the Country‚Äô if He Loses to Biden,,1,"The text is a factual statement reporting on a political event. It's neutral and doesn't contain any negative language, insults, or hostility. The title reports a statement made by Trump."
politics,Trump Threatens to ‚ÄòLeave the Country‚Äô if He Loses to Biden,"
Register to vote or check your registration status **[here](https://www.vote.gov/)**. Plan your vote: **[Early voting](https://www.ncsl.org/research/elections-and-campaigns/early-voting-in-state-elections.aspx)** | **[Mail in voting](https://www.npr.org/2020/09/14/909338758/map-mail-in-voting-rules-by-state)**.

---

As a reminder, this subreddit [is for civil discussion.](/r/politics/wiki/index#wiki_be_civil)

In general, be courteous to others. Debate/discuss/argue the merits of ideas, don't attack people. Personal insults, shill or troll accusations, hate speech, **any** advocating or wishing death/physical harm, and other rule violations can result in a permanent ban. 

If you see comments in violation of our rules, please report them.

 For those who have questions regarding any media outlets being posted on this subreddit, please click [here](https://www.reddit.com/r/politics/wiki/approveddomainslist) to review our details as to our approved domains list and outlet criteria.

***


*I am a bot, and this action was performed automatically. Please [contact the moderators of this subreddit](/message/compose/?to=/r/politics) if you have any questions or concerns.*",1,"The text is purely informational and provides helpful links about voting. It is respectful, constructive, and non-toxic."
politics,Trump Threatens to ‚ÄòLeave the Country‚Äô if He Loses to Biden,Weird way to spell flee,3,"The statement is mildly critical and slightly sarcastic, implying a misspelling. While not overtly hostile, it's not entirely respectful."
politics,Trump Threatens to ‚ÄòLeave the Country‚Äô if He Loses to Biden,"That's such a fun way to say ""flee to avoid criminal prosecution""",5,"The statement is a direct criticism, implying the original statement is deceptive. It contains a moderately negative tone by using sarcasm or cynicism, but stops short of overt hostility or insults."
politics,Trump Threatens to ‚ÄòLeave the Country‚Äô if He Loses to Biden,"‚ÄúI love America but I‚Äôll turn my back on it in a second‚Äù

Asswipe",8,"The phrase ""Asswipe"" is a significant insult. The statement, even without the insult, implies a lack of patriotism and possible rejection of the country, though the insult is the primary driver of the high toxicity score."
politics,Trump Threatens to ‚ÄòLeave the Country‚Äô if He Loses to Biden,Don the Con is looking for a host nation that has no extradition treaty with the U.S.,5,"The text uses a derogatory nickname ('Don the Con') implying dishonesty. It also makes a negative insinuation about the subject's legal intentions, which is critical and mildly hostile."
politics,"Demands for Kushner to Resign Over 'Staggering' Level of 'Depravity' That Put Politics Before Public Health. ""Holy hell. Jared Kushner reportedly abandoned a national testing plan because it was *politically advantageous* to sit back and let blue states be eviscerated by the virus.""",,1,Failed to parse JSON response
politics,"Demands for Kushner to Resign Over 'Staggering' Level of 'Depravity' That Put Politics Before Public Health. ""Holy hell. Jared Kushner reportedly abandoned a national testing plan because it was *politically advantageous* to sit back and let blue states be eviscerated by the virus.""","Thousands of people died because they didn‚Äôt want to help people that didn‚Äôt support them. 

These people are evil.",8,"The text expresses extreme hostility by stating that people are evil, which is a severe insult. The implication that thousands died due to a specific group's actions further amplifies the negativity and could be interpreted as inflammatory."
politics,"Demands for Kushner to Resign Over 'Staggering' Level of 'Depravity' That Put Politics Before Public Health. ""Holy hell. Jared Kushner reportedly abandoned a national testing plan because it was *politically advantageous* to sit back and let blue states be eviscerated by the virus.""","He needs to be in prison, they all need to be in prison. Someone tell me how this isn't mass murder?",7,"The text expresses strong hostility and aggression, advocating for imprisonment with an accusatory tone. The statement ""He needs to be in prison, they all need to be in prison"" is a direct call for punishment, and the question ""Someone tell me how this isn't mass murder?"" is inflammatory and accusatory, suggesting a serious crime has been committed. The language is clearly aggressive."
politics,"Demands for Kushner to Resign Over 'Staggering' Level of 'Depravity' That Put Politics Before Public Health. ""Holy hell. Jared Kushner reportedly abandoned a national testing plan because it was *politically advantageous* to sit back and let blue states be eviscerated by the virus.""","[https://www.dailykos.com/stories/2020/4/5/1934490/-Many-People-Say-Trump-Kushner-Stole-OUR-Stockpile-Gave-It-To-China-To-Help-Trump-s-Reelection](https://www.dailykos.com/stories/2020/4/5/1934490/-Many-People-Say-Trump-Kushner-Stole-OUR-Stockpile-Gave-It-To-China-To-Help-Trump-s-Reelection)

**April 05, 2020 - Many People Say: Trump/Kushner Stole ""OUR"" Stockpile, Gave It To China To Help Trump's Reelection**

\*\*\*

[https://www.latimes.com/politics/story/2020-04-07/hospitals-washington-seize-coronavirus-supplies](https://www.latimes.com/politics/story/2020-04-07/hospitals-washington-seize-coronavirus-supplies)

**APRIL 7, 2020 - Hospitals say feds are seizing masks and other coronavirus supplies without a word**

\*\*\*

[https://www.businessinsider.com/coronavirus-federal-govt-fema-accused-taking-states-masks-ventilator-orders-2020-4](https://www.businessinsider.com/coronavirus-federal-govt-fema-accused-taking-states-masks-ventilator-orders-2020-4)

**Apr 8, 2020 - Officials in at least 6 states are accusing the federal government of quietly diverting their orders for coronavirus medical equipment**

\*\*\*

[https://www.youtube.com/watch?v=OjzX8vn6-M4](https://www.youtube.com/watch?v=OjzX8vn6-M4)

**Apr 13, 2020 - Trump Admin Still Stealing PPE Supplies Puts States On Guard**

\*\*\*

[https://nymag.com/intelligencer/2020/04/hospitals-face-a-white-house-blockade-for-coronavirus-ppe.html](https://nymag.com/intelligencer/2020/04/hospitals-face-a-white-house-blockade-for-coronavirus-ppe.html)

**APR. 19, 2020 - The White House Has Erected a Blockade Stopping States and Hospitals From Getting Coronavirus PPE**

\*\*\*

[https://www.salon.com/2020/04/21/states-smuggle-covid-19-medical-supplies-to-avoid-federal-seizures-as-house-probes-jared-kushner/](https://www.salon.com/2020/04/21/states-smuggle-covid-19-medical-supplies-to-avoid-federal-seizures-as-house-probes-jared-kushner/)

**APRIL 21, 2020 - States smuggle COVID-19 medical supplies to avoid federal seizures as House probes Jared Kushner -- Health officials go to dramatic lengths to hide shipments of critical supplies from the federal government**

\*\*\*

[https://www.firehouse.com/safety-health/ppe/news/21135371/fema-diverts-1m-masks-meant-for-miamidade-firefighters](https://www.firehouse.com/safety-health/ppe/news/21135371/fema-diverts-1m-masks-meant-for-miamidade-firefighters)

**Apr 23rd, 2020 - FEMA Diverts 1M Masks Meant for Miami-Dade Firefighters -- Miami-Dade‚Äôs emergency director claimed a shipment of N95 masks needed to protect first responders from COVID-19 was ‚Äúhijacked‚Äù by federal authorities last week.**

\*\*\*

[https://www.snopes.com/fact-check/trump-admin-seizing-ppe/](https://www.snopes.com/fact-check/trump-admin-seizing-ppe/)

**24 APRIL 2020  - Is Trump Admin Seizing COVID-19 Protective Equipment from States? -- An urgent shortage persists of N95 masks and other supplies in U.S. medical facilities.**

\*\*\*

[https://www.vanityfair.com/news/2020/05/how-the-federal-government-took-control-of-the-ppe-pipeline](https://www.vanityfair.com/news/2020/05/how-the-federal-government-took-control-of-the-ppe-pipeline)

**MAY 6, 2020 - ‚ÄúLike a Bully at the Lunchroom‚Äù: How the Federal Government Took Control of the PPE Pipeline -- FEMA denies seizing shipments of masks and ventilators, but hospital workers tell a different story, and one medical-equipment supplier says the agency‚Äî‚Äúthose rat bastards‚Äù‚Äîalong with the FBI, has taken over his entire operation.**

\*\*\*


**FINAL ADDITION -- I've edited this comment a few times to add more news stories, but I'm going to close out with this. It's not *only* US healthcare workers, but it should get the point across.**

https://www.medscape.com/viewarticle/927976

**In Memoriam: Healthcare Workers Who Have Died of COVID-19**
___

Edit 3:55p eastern: re-arranged in chrono order at the urging of /u/chaseazt

My original comment before I started pulling in more links:

They were running rampant in March/April/May. Google ""PPE theft kushner"", masks kushner, etc. This is why we don't see his dumb reptile face in front of the cameras anymore. How many died because they stole PPE from blue states and cities?

EDIT later Friday night: THANK YOU for all the gildings, people. Please also consider donating to high-stakes races for the senate and other downballot candidates. Please see /r/votedem for more info, or google actblue, or Cal Cunningham, Jaime Harrison, among others.

V O T E",6,"The text presents a series of news articles alleging wrongdoing by the Trump administration and Jared Kushner regarding PPE distribution. While the initial comment uses strong language like ""stole,"" ""dumb reptile face,"" and the rhetorical question ""How many died because they stole PPE...?"" suggesting an accusatory and negative tone with moderate hostility and some sarcasm. The inclusion of links to news articles and the final call to vote, however, does not in itself contain any hateful or harassing language. However, the overall tone and accusatory language, especially the insults, push the toxicity score up."
politics,"Demands for Kushner to Resign Over 'Staggering' Level of 'Depravity' That Put Politics Before Public Health. ""Holy hell. Jared Kushner reportedly abandoned a national testing plan because it was *politically advantageous* to sit back and let blue states be eviscerated by the virus.""","Resign? No. He should rot in jail. He made a decision (using a position for which he was neither elected, confirmed nor qualified) to abandon tens of thousands of people to die for political gain.",7,"The text expresses strong anger and hostility. While not explicitly using slurs or threatening violence, the language of wanting someone to ‚Äúrot in jail‚Äù and accusing them of abandoning people ‚Äúto die for political gain‚Äù constitutes a significant level of hostility and hyperbole, qualifying for a 7. The phrasing implies severe condemnation and contempt."
politics,"Demands for Kushner to Resign Over 'Staggering' Level of 'Depravity' That Put Politics Before Public Health. ""Holy hell. Jared Kushner reportedly abandoned a national testing plan because it was *politically advantageous* to sit back and let blue states be eviscerated by the virus.""",The trump administration used the Covid virus as a bio-weapon against Democrats. They're domestic terrorists.,9,"The statement accuses a political administration of using a virus as a weapon, which is a severe accusation. It labels them as 'domestic terrorists,' which is a strong insult and inflammatory statement. This level of accusation and name-calling is extremely hostile."
politics,Over A million people sign petition calling for KKK to be declared a terrorist group,,1,"The text reports a factual event without expressing any negative opinions, insults, or hostility. It is simply a news headline."
politics,Over A million people sign petition calling for KKK to be declared a terrorist group,I‚Äôm not American and I‚Äôm surprised they haven‚Äôt been declared a terror group. Seriously?! Not any time in the last 40 years?,7,"The text expresses strong negative sentiment and hostility towards Americans. The statement suggests a lack of surprise that a group of people hasn't been declared a terror group, implying they are deserving of such a label. The language is aggressive and includes an inflammatory statement. While it doesn't contain direct insults or threats, the implication is highly critical and hostile."
politics,Over A million people sign petition calling for KKK to be declared a terrorist group,">Currently, the KKK are classified as a domestic extremist group **as there is no definition for domestic terrorism organizations in the U.S.**

For all those people in this thread who are asking why they haven‚Äôt been listed as such already it‚Äôs because there is no legal domestic terrorist organization list or process to have one, it‚Äôs also why trumps threat to label something as nebulous as antifa as domestic terrorists is not part of the legal process and it‚Äôs just him using words he doesn‚Äôt understand.",3,"The text is critical of a statement and implies a lack of understanding, but maintains a generally civil tone. The criticism is present but not hostile."
politics,Over A million people sign petition calling for KKK to be declared a terrorist group,"One of those things I assumed was always the case, and now that I'm learning it's not I feel like an ""oh for fucks fucking sake, America!"" is warranted, and I'm American.",7,"The text uses the phrase ""oh for fucks fucking sake,"" which is highly aggressive and profane. While the statement is self-deprecating and targeted at the speaker's own country, the strong profanity warrants a high toxicity score."
politics,Over A million people sign petition calling for KKK to be declared a terrorist group,"I'm not expecting anything to happen on this anytime soon, but it is one hell of a good wedge issue for the October campaign ads.",3,"The statement expresses a cynical view of a political situation, indicating a focus on exploiting an issue for campaign ads. While not overtly hostile, it's mildly critical of the political process and suggests a negative intent (using the issue for manipulation) without direct insults or aggression."
politics,Over A million people sign petition calling for KKK to be declared a terrorist group,"As little as I like any racial supremacy group, we really need to be repealing the patriot act instead of utilizing it. It can be used to brand anything as ""terrorism"". We're on a slippery slope.",3,"The text expresses a critical opinion about the Patriot Act and its potential misuse. While it contains negative sentiment and expresses concern about a 'slippery slope,' the language is civil, and the criticism is directed toward a policy, not individuals or groups. It contains no insults or hostility."
politics,Report: Biden Admin Discovers Trump Had Zero Plans For COVID Vaccine Distribution,,2,"The statement presents a factual claim that is critical of Trump's actions, but does so without any hostile language or personal attacks. It's a negative observation, but respectful."
politics,Report: Biden Admin Discovers Trump Had Zero Plans For COVID Vaccine Distribution,"
As a reminder, this subreddit [is for civil discussion.](/r/politics/wiki/index#wiki_be_civil)

In general, be courteous to others. Debate/discuss/argue the merits of ideas, don't attack people. Personal insults, shill or troll accusations, hate speech, **any** advocating or wishing death/physical harm, and other rule violations can result in a permanent ban. 

If you see comments in violation of our rules, please report them.

 For those who have questions regarding any media outlets being posted on this subreddit, please click [here](https://www.reddit.com/r/politics/wiki/approveddomainslist) to review our details as to our approved domains list and outlet criteria.

***


*I am a bot, and this action was performed automatically. Please [contact the moderators of this subreddit](/message/compose/?to=/r/politics) if you have any questions or concerns.*",1,"The text is a friendly reminder of subreddit rules, emphasizing civil discussion and appropriate behavior. It is completely non-toxic and constructive."
politics,Report: Biden Admin Discovers Trump Had Zero Plans For COVID Vaccine Distribution,[Over 400K Americans died under Trump's watch from covid](https://www.nbcnews.com/news/us-news/live-blog/2021-01-19-covid-live-updates-vaccine-news-n1254624) and Trump didn't even have a fucking plan for vaccine distribution.  All he cared about was reversing the election and killing democracy in his final months.  Fuck that guy.,8,"The text is highly critical and uses aggressive language (""fucking plan"", ""Fuck that guy""). It also levels serious accusations of inaction and undermining democracy, demonstrating hostility and insults, placing it at an 8."
politics,Report: Biden Admin Discovers Trump Had Zero Plans For COVID Vaccine Distribution,"This feels like a scandal, NOW we know why Trump didn't want to help out the Biden transition, he didn't do shit",5,"The text expresses clear criticism and negativity towards a political figure. The phrase 'he didn't do shit' is mildly hostile and uses informal language, indicating a moderately negative tone."
politics,Report: Biden Admin Discovers Trump Had Zero Plans For COVID Vaccine Distribution,"So back in March/April 2020, when people were saying ""he wants us to die"" ... that wasn't hyperbole after all?",4,"The text expresses a noticeably critical tone and implies a negative view of someone's actions. It's a loaded question, suggesting validation of a negative claim, but doesn't contain direct insults or hostile language."
politics,Report: Biden Admin Discovers Trump Had Zero Plans For COVID Vaccine Distribution,"Since they say they ""ran it like a buisness "" shouldnt the trump administration be held to the same standards?? If your buisnesses negligence gets people killed, you are responsible both civilly and criminally. Lets roll out the charges.",5,"The text expresses clear criticism and assigns blame, with a moderately negative tone and mild hostility towards the Trump administration. The statement 'If your buisnesses negligence gets people killed, you are responsible both civilly and criminally' is a pointed criticism implying negligence leading to deaths."
politics,Biden's Pennsylvania lead is now big enough to avoid an automatic recount,,1,The text is a neutral statement of fact and contains no negative language or criticisms.
politics,Biden's Pennsylvania lead is now big enough to avoid an automatic recount,"
As a reminder, this subreddit [is for civil discussion.](/r/politics/wiki/index#wiki_be_civil)

In general, be courteous to others. Debate/discuss/argue the merits of ideas, don't attack people. Personal insults, shill or troll accusations, hate speech, **any** advocating or wishing death/physical harm, and other rule violations can result in a permanent ban. 

If you see comments in violation of our rules, please report them.

 For those who have questions regarding any media outlets being posted on this subreddit, please click [here](https://www.reddit.com/r/politics/wiki/approveddomainslist) to review our details as to our approved domains list and outlet criteria.

***


*I am a bot, and this action was performed automatically. Please [contact the moderators of this subreddit](/message/compose/?to=/r/politics) if you have any questions or concerns.*",1,"The text is a polite reminder of subreddit rules, using neutral language and focusing on respectful discussion. It's a bot posting guidelines, and is not toxic at all."
politics,Biden's Pennsylvania lead is now big enough to avoid an automatic recount,[removed],1,No JSON found in response
politics,Biden's Pennsylvania lead is now big enough to avoid an automatic recount,No recount in PA means little reason left for Trump's administration to delay the transition any further.,2,"The statement expresses an opinion about the political situation and implicitly criticizes the Trump administration's actions. It's generally respectful and constructive, with a minor implication of criticism."
politics,Biden's Pennsylvania lead is now big enough to avoid an automatic recount,I'll find it amusing if Trump bankrupts the GOP  on the way out with frivolous recounts.,5,"The text expresses schadenfreude and criticism towards Trump and the GOP. While not containing insults or threats, the statement 'I'll find it amusing' implies a negative sentiment and mild hostility towards the subject."
politics,Biden's Pennsylvania lead is now big enough to avoid an automatic recount,He now leads Trump by 10k more then what Trump had over Hillary in 2016.,1,The statement is a factual comparison of election results and is non-toxic.
politics,"Donald Trump Has Just Left the White House‚ÄîThis Time, for Good",,1,"The text is a neutral statement of fact and doesn't contain any negative language, insults, or hostility."
politics,"Donald Trump Has Just Left the White House‚ÄîThis Time, for Good","
As a reminder, this subreddit [is for civil discussion.](/r/politics/wiki/index#wiki_be_civil)

In general, be courteous to others. Debate/discuss/argue the merits of ideas, don't attack people. Personal insults, shill or troll accusations, hate speech, **any** advocating or wishing death/physical harm, and other rule violations can result in a permanent ban. 

If you see comments in violation of our rules, please report them.

 For those who have questions regarding any media outlets being posted on this subreddit, please click [here](https://www.reddit.com/r/politics/wiki/approveddomainslist) to review our details as to our approved domains list and outlet criteria.

***


*I am a bot, and this action was performed automatically. Please [contact the moderators of this subreddit](/message/compose/?to=/r/politics) if you have any questions or concerns.*",1,"The text is a friendly reminder of rules. It is civil, constructive, and focuses on maintaining a respectful environment. There's no negative language or hostility."
politics,"Donald Trump Has Just Left the White House‚ÄîThis Time, for Good",[deleted],1,"The text is '[deleted]', which is non-toxic as it contains no content whatsoever."
politics,"Donald Trump Has Just Left the White House‚ÄîThis Time, for Good",This is the single greatest thing Trump has ever done for America.,2,"The statement expresses strong positive sentiment toward a specific individual (Trump) and his actions. While it is a strong opinion, it does not contain any negative language, insults, or hostility toward others."
politics,"Donald Trump Has Just Left the White House‚ÄîThis Time, for Good",My condolences to all of you blue voters in Florida.,3,"The statement is mildly critical of a specific political group by expressing implied disapproval but maintains a respectful tone, avoiding insults or aggressive language. It's a statement of sympathy implying they made a wrong choice, which is critical but not overtly hostile."
politics,"Donald Trump Has Just Left the White House‚ÄîThis Time, for Good",I love Take Out the Trash Day,1,The text expresses a positive sentiment with no negative language or criticism.
politics,Virginia governor makes Election Day a holiday and expands early voting,,1,"The text is a neutral and factual statement about a political action. There is no negative language, criticism, or hostility."
politics,Virginia governor makes Election Day a holiday and expands early voting,"Why is Election Day not a national holiday?? Oh right, because voter suppression.",4,"The statement expresses criticism of the current system and implies a negative motive (voter suppression). While it's a clear criticism, it lacks explicit insults or aggressive language. The tone is noticeably critical but avoids direct hostility."
politics,Virginia governor makes Election Day a holiday and expands early voting,">**""We need to make Election Day a holiday,"" Northam had said in his State of the Commonwealth speech earlier this year.**  
>  
>**""We can do it by ending the Lee-Jackson holiday that Virginia holds ... It commemorates a lost cause. It's time to move on.""**

Agreed. I don't care if it's part of a racist ""heritage and culture"" they are always talking about.",5,"The text expresses clear criticism of the 'heritage and culture' associated with the Lee-Jackson holiday, using language that is moderately negative and shows mild hostility towards those who hold that viewpoint. It contains a dismissive statement ('I don't care...') which indicates a lack of respect for opposing views, but does not cross into severe insults or threats. The language does not appear overtly hostile beyond a certain level of disdain for opposing viewpoints."
politics,Virginia governor makes Election Day a holiday and expands early voting,"Virgina is on a roll these days, thanks to all the voters who came out and made a difference.",1,"The text is positive and congratulatory, showing support for a political outcome. There is no negativity or hostility."
politics,Virginia governor makes Election Day a holiday and expands early voting,"This guy is not fucking around. 


He should write a guide after this titled ‚Äúhow to unfuck your state in one term.",5,"The text uses mildly aggressive language (""fucking around"" and ""unfuck""). It's critical and expresses some negative tone, but doesn't include direct insults or threats."
politics,Virginia governor makes Election Day a holiday and expands early voting,"Hey ""Never Bidens"", are you paying attention? 

Help elect Biden and flip the Senate and shit can get done and Liberal  and competent Judges will be confirmed.",6,"The text uses a derisive nickname ('Never Bidens'), implies a lack of intelligence with the question, and uses mild profanity ('shit'). While it advocates for a political position, the language is moderately hostile and sarcastic."
conservative,"For those of you comparing these protests to Boston 1773, take a look at these pictures and tell me how this is patriotic to you? That is The Capitol Building.",,4,"The text is critical of the protests, using a noticeably negative tone and expressing disapproval of the actions. There is no direct hostility or insults, but the question implies a negative judgment of the protests' patriotism. It can be perceived as dismissive."
conservative,"For those of you comparing these protests to Boston 1773, take a look at these pictures and tell me how this is patriotic to you? That is The Capitol Building.","Tired of reporting this thread? Debate us on discord instead: https://discord.gg/conservative - This is an automated message that appears when probable report abuse is detected. We've found this can lead to a productive discussion in an environment better suited for that sort of thing.

*I am a bot, and this action was performed automatically. Please [contact the moderators of this subreddit](/message/compose/?to=/r/Conservative) if you have any questions or concerns.*",1,"The text is entirely automated and provides a suggestion for resolving potential issues in a civil manner. It contains no negative language, insults, or hostility. It's a standard bot message promoting discussion and offering contact information."
conservative,"For those of you comparing these protests to Boston 1773, take a look at these pictures and tell me how this is patriotic to you? That is The Capitol Building.",[removed],1,No JSON found in response
conservative,"For those of you comparing these protests to Boston 1773, take a look at these pictures and tell me how this is patriotic to you? That is The Capitol Building.","https://i.imgur.com/e2s7UXT.png

Bro brought zip ties. I guess he intended to take some hostages?",5,"The comment implies the person with zip ties intended to take hostages, which is a negative and accusatory statement. This displays mild hostility and clear criticism."
conservative,"For those of you comparing these protests to Boston 1773, take a look at these pictures and tell me how this is patriotic to you? That is The Capitol Building.",how bad is security at that place? Like just any crazy group of people can take it over? *while* congress is in session???,5,"The text expresses concern and criticism of security at a location. The language is moderately negative and implies a lack of confidence, indicating a mild level of hostility through questioning the security's effectiveness and the implications of a potential breach."
conservative,"For those of you comparing these protests to Boston 1773, take a look at these pictures and tell me how this is patriotic to you? That is The Capitol Building.","To the people saying, ""well Antifa did the same thing"" or whatever, I have a piece of important advice I received from my parents at an early age.

**TWO WRONGS DON'T MAKE A RIGHT.**  Nothing good comes from this.",3,"The text is mildly critical of those attempting to justify actions with a 'whataboutism' argument. It expresses a clear disapproval of the behavior being discussed, but does so in a respectful and civil manner. There is no hostility, insults, or inflammatory language."
conservative,AP Has called the election for Joe Biden,,1,This is a factual statement with no negative connotations or hostile language.
conservative,AP Has called the election for Joe Biden,"Tired of reporting this thread? Debate us on discord instead: https://discord.gg/conservative - This is an automated message that appears when probable report abuse is detected. We've found this can lead to a productive discussion in an environment better suited for that sort of thing.

*I am a bot, and this action was performed automatically. Please [contact the moderators of this subreddit](/message/compose/?to=/r/Conservative) if you have any questions or concerns.*",1,"The text is a bot message providing a link to a Discord server for discussion, with a standard disclaimer. It's entirely neutral and informative."
conservative,AP Has called the election for Joe Biden,"I'm so angry. I'm gonna get out of bed tomorrow. Storm to my car. And go about my day as usual.


Half the dems responding to this saying: thank you for being a rational person.

The other half saying: well *your* rights weren't being attacked under the trump administration so you wouldn't understand.",5,"The text expresses anger and mildly criticizes two groups of people (Democrats). While not using severe insults, it displays a moderately negative tone with clear criticism and a hint of hostility through the framing of the responses."
conservative,AP Has called the election for Joe Biden,"unused cough smoggy crowd correct nippy unite snatch vase mourn

 *This post was mass deleted and anonymized with [Redact](https://redact.dev)*",1,"The text consists of unrelated words. There is no indication of negativity, hostility, or any form of harmful communication."
conservative,AP Has called the election for Joe Biden,A whole bunch of late night ‚Äúcomedians‚Äù just lost their jobs.,3,"The statement is mildly critical, possibly implying the person is happy about the job losses. While not overtly hostile, it expresses a negative sentiment towards the comedians."
conservative,AP Has called the election for Joe Biden,Rememeber friends that we believe in democracy and not burning our community down.,2,"The text is generally respectful and promotes a positive message about democracy. The use of the phrase 'not burning our community down' could be interpreted as mildly critical of actions that might be destructive, but it's not overtly hostile or insulting."
conservative,I want my taxes back,,1,"The statement expresses a desire but contains no negativity, hostility, or any form of toxicity. It's a simple, neutral statement."
conservative,I want my taxes back,"Tired of reporting this thread?  [Debate us on discord instead.](https://discord.com/invite/conservative)

*I am a bot, and this action was performed automatically. Please [contact the moderators of this subreddit](/message/compose/?to=/r/Conservative) if you have any questions or concerns.*",1,The text is a standard bot message providing context and instructions. It's neutral and offers an alternative venue for discussion without any negative or hostile language.
conservative,I want my taxes back,[deleted],1,The text is '[deleted]' which contains no words and therefore cannot be toxic. It is completely non-toxic.
conservative,I want my taxes back,"Subtract out all the people making more than $75k and it's going to be a lot less than 328 million people.  

Probably more like $100 ~~million~~ billion going to the people and $800 to corporations.",4,"The text contains a noticeable criticism and negative tone regarding wealth distribution, implying corporations receive significantly more money than individuals. There's no overt hostility or insults, but the statement is critical and potentially divisive."
conservative,I want my taxes back,"Both parties are pissed about this.

You can see on the other subreddits.

Congress should he scared, because by this stupid act, they unified the common folk.",5,The text expresses dissatisfaction and anger ('pissed'). It contains clear criticism of Congress ('stupid act') and a mildly hostile tone ('Congress should be scared').
conservative,I want my taxes back,It‚Äôs getting close to torch and pitchfork time here...,7,"The phrase ""torch and pitchfork time"" is a clear allusion to violent uprisings and mob action. This implies a threat of violence and a hostile intent, even if not directly stated. This warrants a score of 7."
conservative,"Reminder: This picture is illegal in China, which has a 150$ million stake in reddit via Tencent",,3,"The statement is factual and points out a potential conflict of interest. While not inherently hostile, it could be seen as critical of Reddit's ties to China, implying potential censorship or bias. It lacks overt aggression but hints at a negative implication, hence a score of 3."
conservative,"Reminder: This picture is illegal in China, which has a 150$ million stake in reddit via Tencent","https://imgur.com/s5t12af

lol

Update: https://imgur.com/YLJdFZy

We did it reddit:  https://imgur.com/SAZDzum",1,"The text consists of links to images and the phrase 'lol' and 'We did it reddit'. There is no negativity, hostility, or harmful language present. It's simply a share of content, likely a meme or inside joke."
conservative,"Reminder: This picture is illegal in China, which has a 150$ million stake in reddit via Tencent",Do the one with tank man next!,1,"The text is a simple, direct request. While it could be interpreted as insensitve depending on the context of 'tank man,' it lacks any hostile language, insults, or threats."
conservative,"Reminder: This picture is illegal in China, which has a 150$ million stake in reddit via Tencent",[removed],1,No JSON found in response
conservative,"Reminder: This picture is illegal in China, which has a 150$ million stake in reddit via Tencent","A conservative post even my progressive ass can get behind. 

See, it‚Äôs not so hard to find common ground when we hate something. 

Lmao",3,"The text expresses agreement with a conservative viewpoint, using a slightly informal tone with 'ass' and 'Lmao'. It's mildly critical in its implication that common ground is easy to find based on shared dislike. Overall, it's civil but uses potentially offensive language."
conservative,"Reminder: This picture is illegal in China, which has a 150$ million stake in reddit via Tencent",According to few Chinese I know that massacre wasn't the only one. It was the biggest one out of about a dozen at that time. There were other protests in years leading to it as well. Those were mostly by farmers fed up with government taking their produce. Parts of China experienced famine in late 70s and early 80s.,2,"The text relays potentially sensitive historical information, but it does so factually, without hostility or insults. While discussing a massacre can be emotionally charged, the statement is presented as information received from a specific source, and it does not display any malicious intent or aggressive language."
conservative,"Fox News: McConnell believes Trump committed impeachable offenses, supports Democrats' impeachment efforts:",,1,"The text is a factual statement reporting a news headline. It presents information without any hostile language, insults, or inflammatory statements."
conservative,"Fox News: McConnell believes Trump committed impeachable offenses, supports Democrats' impeachment efforts:","Looking for debate? Head to the public sections of our discord instead. https://discord.gg/conservative

*I am a bot, and this action was performed automatically. Please [contact the moderators of this subreddit](/message/compose/?to=/r/Conservative) if you have any questions or concerns.*",1,"The text is a neutral instruction with a link to a Discord server, followed by a standard bot message. There's no negativity, hostility, or insults."
conservative,"Fox News: McConnell believes Trump committed impeachable offenses, supports Democrats' impeachment efforts:",Get rid of corporate donations and impose term limits. These two alone would clean up most of the swamp.,3,"The text expresses a critical opinion about the influence of corporate donations and the lack of term limits, suggesting these contribute to corruption ('the swamp'). However, the language is direct and uses a metaphor but does not include insults, aggressive language, or clear hostility. It's a mildly critical statement with a political viewpoint."
conservative,"Fox News: McConnell believes Trump committed impeachable offenses, supports Democrats' impeachment efforts:",Vote policy not party.,1,The statement is neutral and encourages voters to consider policy positions rather than party affiliation. It is respectful and constructive.
conservative,"Fox News: McConnell believes Trump committed impeachable offenses, supports Democrats' impeachment efforts:","Mitch got what he wants, his re-election so he can rack up the dollars with special interests, and now he‚Äôs going to kiss the ass of the new president-elect. Simple. Politicians are absolutely useless.",6,"The text uses moderately hostile language (""kiss the ass""), sarcasm, and a generalization about politicians being ""absolutely useless."""
conservative,"Fox News: McConnell believes Trump committed impeachable offenses, supports Democrats' impeachment efforts:","I really believe whether it be now or after next week, they will impeach him and convict in Senate. And I think it will mostly be because the establishment GOP doesn't want to risk losing donations.  Which, if they lost donations from corporations, would be more of a win for us.  Having to rely on small donations from us, they'd have to listen to what we want.  They don't want that.",4,"The text expresses critical opinions about the GOP and their motivations, using a negative tone ('doesn't want to risk', 'would be more of a win for us', 'They don't want that'). However, it doesn't contain hostile language, insults, or threats. It's critical, but not overly aggressive."
conservative,AMAZING! Congress Got Paid Their Full Salary of $130K for 9 Months While they Argued About Giving Every American $600 of Their Own Money,,1,Failed to parse JSON response
conservative,AMAZING! Congress Got Paid Their Full Salary of $130K for 9 Months While they Argued About Giving Every American $600 of Their Own Money,"Tired of reporting this thread? Debate us on discord instead: https://discord.gg/conservative - This is an automated message that appears when probable report abuse is detected. We've found this can lead to a productive discussion in an environment better suited for that sort of thing.

*I am a bot, and this action was performed automatically. Please [contact the moderators of this subreddit](/message/compose/?to=/r/Conservative) if you have any questions or concerns.*",1,"The text is a neutral, automated message providing information and a suggestion for further discussion. It's designed to be helpful rather than hostile or critical."
conservative,AMAZING! Congress Got Paid Their Full Salary of $130K for 9 Months While they Argued About Giving Every American $600 of Their Own Money,Are you really surprised? Do you think they actually care about us? We‚Äôre mere peasants.,5,"The text expresses a moderately negative sentiment and a degree of hostility. It uses the term ""peasants"" which is dismissive and critical, indicating a lack of respect and implying a sense of powerlessness. The rhetorical questions also contribute to a critical tone."
conservative,AMAZING! Congress Got Paid Their Full Salary of $130K for 9 Months While they Argued About Giving Every American $600 of Their Own Money,Corruption. Pure and simple.,3,"The statement is critical and accusatory (implying wrongdoing) but lacks hostile language, insults, or threats. It's a direct condemnation, fitting a mildly critical tone."
conservative,AMAZING! Congress Got Paid Their Full Salary of $130K for 9 Months While they Argued About Giving Every American $600 of Their Own Money,[deleted],1,"The text is '[deleted]', which indicates the original content is unavailable and therefore cannot be assessed for toxicity. As it stands, it's non-toxic."
conservative,AMAZING! Congress Got Paid Their Full Salary of $130K for 9 Months While they Argued About Giving Every American $600 of Their Own Money,[deleted],1,"The text is '[deleted]', which is a placeholder indicating content has been removed. Without content, there's no basis to assess toxicity."
conservative,House impeaches Trump for second time over Capitol riots,,1,The text is a factual statement reporting a news event without any negative or hostile language.
conservative,House impeaches Trump for second time over Capitol riots,"Looking for debate? Head to the public sections of our discord instead. https://discord.gg/conservative

*I am a bot, and this action was performed automatically. Please [contact the moderators of this subreddit](/message/compose/?to=/r/Conservative) if you have any questions or concerns.*",1,The text is informational and directs users to a specific location. It is polite and doesn't contain any negative or hostile language.
conservative,House impeaches Trump for second time over Capitol riots," ""I was impeached twice and didn't even get a blow job in the oval office from an intern for it.""",6,The statement uses a crude and sexually suggestive reference ('blow job') and implies resentment or bitterness. It's sarcastic and has a clear negative tone and moderate hostility.
conservative,House impeaches Trump for second time over Capitol riots,"""Okay, so now you're like...really impeached. Like, double dog impeachment.""",3,"The text uses a colloquialism ('double dog impeachment') to emphasize a point, which could be interpreted as mildly critical or dismissive. It doesn't contain hostile language, insults, or threats."
conservative,House impeaches Trump for second time over Capitol riots,"GOP really needs to re-examine their platform for 2022 and 2024. These next 2-4 years will be hell for them, otherwise the Democrats will keep taking control.

Edit: In change, I also mean ridding of some of the current management. New faces are needed, not as much as the policies.",4,"The text is critical of the GOP and their platform, using a negative tone ('hell for them'). It suggests the need for changes and implies consequences for inaction, but it's not overtly hostile or insulting. It remains within the bounds of political commentary."
conservative,House impeaches Trump for second time over Capitol riots,"I have the best impeachments, massive impeachments. Way better than other impeachments. Sleezy Bill only got one impeachment. What a loser. No one has ever gotten impeachments like me. I have good impeachments, great impeachments. Really the best impeachments.",5,"The text is moderately negative, with clear criticism of a specific individual ('Sleezy Bill' and 'loser') and a degree of self-aggrandizement. There is mild hostility in the language used."
conservative,New SEC Rule: Wall Street Will Now Only Allow Traders Who Wear A Top Hat And Monocle And Carry Around Giant Bags Of Money,,1,"The text is satirical and humorous, using hyperbole. It's not intended to be harmful, insulting, or threatening. It's a joke about Wall Street traders."
conservative,New SEC Rule: Wall Street Will Now Only Allow Traders Who Wear A Top Hat And Monocle And Carry Around Giant Bags Of Money,"Please don‚Äôt downvote but I‚Äôm out of the loop on this one.

I assume this has to do with the Wall Street thing and Reddit, but what exactly is going on?",1,"The text is a polite request for information and expresses curiosity. There is no negative language, hostility, or criticism."
conservative,New SEC Rule: Wall Street Will Now Only Allow Traders Who Wear A Top Hat And Monocle And Carry Around Giant Bags Of Money,One feels like a duck when splashing around in all this wet,1,"The text is a simple, non-offensive statement and contains no negative language or hostility."
conservative,New SEC Rule: Wall Street Will Now Only Allow Traders Who Wear A Top Hat And Monocle And Carry Around Giant Bags Of Money,"Oh Babs, you never disappoint.",2,"The phrase is sarcastic and implies a negative outcome is expected, but is still generally respectful."
conservative,New SEC Rule: Wall Street Will Now Only Allow Traders Who Wear A Top Hat And Monocle And Carry Around Giant Bags Of Money,"This actually amazing to watch. No bullshit gaslighting the people into fighting each other to keep the elite in power. Just everyone getting fed up with their bullshit and uniting.

10 GME 82.90 cost basis",5,"The text expresses frustration and criticism of a group ('the elite') using the word 'bullshit'. The mention of 'fighting each other' and 'uniting' implies a negative view of a situation, and the inclusion of 'GME 82.90 cost basis' is likely a financial reference that has no bearing on toxicity, while the original statement does have a level of negativity."
conservative,New SEC Rule: Wall Street Will Now Only Allow Traders Who Wear A Top Hat And Monocle And Carry Around Giant Bags Of Money,DOGEcoin still going to the moon.,1,"The text is a simple, non-critical statement about Dogecoin. It's optimistic and doesn't contain any negative language, insults, or hostility."
conservative,Can‚Äôt argue with that logic,,2,"The phrase is potentially sarcastic, implying disagreement, but is otherwise brief and non-offensive. It could be used in a respectful way, though sarcasm is a form of minor criticism."
conservative,Can‚Äôt argue with that logic,Think this is what brings liberals and conservatives together tbh.,2,"The statement expresses an opinion about political alignment. While it could be interpreted as subtly suggesting a shared characteristic or viewpoint between liberals and conservatives, it does not contain any criticism, hostility, insults, or other forms of toxic language. It's a relatively neutral and non-offensive statement."
conservative,Can‚Äôt argue with that logic,"It‚Äôs even worse because it‚Äôs doesn‚Äôt just affect a game; they are passing legislation that picks winners and losers in the economy, impacting millions of jobs all while potentially enriching themselves and causing misery for the population",5,"The text expresses strong criticism and accuses the subject of actions with significant negative consequences ('impacting millions of jobs', 'causing misery'). While there are no direct insults or threats, the language is moderately hostile and accusatory."
conservative,Can‚Äôt argue with that logic,Most companies have rules surrounding conflicts of interest as well...  Would get you fired for doing half of what Congress does.  Rules for thee but not for me!,1,Failed to parse JSON response
conservative,Can‚Äôt argue with that logic,This is one topic I really think there is mostly bipartisan support. We need to keep pushing this forward in a way where those on the left will run along with it and keep it relevant. Keep calling out both Republican and Democrat politicians for this!,2,"The text expresses a clear opinion and advocates for action but uses respectful language and offers constructive suggestions. It is generally non-toxic with only minor implied criticism of inaction. It focuses on encouragement, not negativity or hostility."
conservative,Can‚Äôt argue with that logic,"This and term limits and honestly I think the only way we'd get either is if the law was written specifically for members of Congress who are in office at the time if the bills passing were exempt, honestly at this point I'd take it, we need to prevent anyone from spending 20+ years in Federal Office ever again.",4,"The text expresses frustration and a strong opinion about term limits and the length of time people spend in office. While critical, it doesn't use hostile language, insults, or threats. The tone is noticeably critical and negative."
conservative,Electoral College Elects Biden As President,,1,The text is a neutral statement of fact and contains no negative or hostile language.
conservative,Electoral College Elects Biden As President,"Tired of reporting this thread? Debate us on discord instead: https://discord.gg/conservative - This is an automated message that appears when probable report abuse is detected. We've found this can lead to a productive discussion in an environment better suited for that sort of thing.

*I am a bot, and this action was performed automatically. Please [contact the moderators of this subreddit](/message/compose/?to=/r/Conservative) if you have any questions or concerns.*",1,"The text is an automated message providing a link to a Discord server for discussion and contact information. It's neutral and constructive, with no negative or hostile elements."
conservative,Electoral College Elects Biden As President,"Welp. Looks like it‚Äôs time to have a nice night with the fam, go to bed, and wake up and go to work tomorrow morning.",1,The text is completely non-toxic. It expresses a neutral and positive sentiment about spending time with family and going to work.
conservative,Electoral College Elects Biden As President,[removed],1,No JSON found in response
conservative,Electoral College Elects Biden As President,Alright. Cool. Biden's the next president. I pray the best for him and his administration.,1,"The text is entirely neutral and positive, expressing a wish for the best."
conservative,Electoral College Elects Biden As President,Here's how Bernie can still win.,1,The text is neutral and does not contain any negative or hostile language. It simply presents a topic for discussion.
