subreddit,post_title,post_date,comment_text,toxicity_score,explanation,comment_date
politics,California to Negotiate Trade With Other Countries to Bypass Trump Tariffs,2025-04-04,,1,"The text is a neutral news headline. It reports a factual event without any negative language, criticism, or hostility.",
politics,California to Negotiate Trade With Other Countries to Bypass Trump Tariffs,2025-04-04,"
As a reminder, this subreddit [is for civil discussion.](/r/politics/wiki/index#wiki_be_civil)

In general, be courteous to others. Debate/discuss/argue the merits of ideas, don't attack people. Personal insults, shill or troll accusations, hate speech, any suggestion or support of harm, violence, or death, and other rule violations can result in a permanent ban. 

If you see comments in violation of our rules, please report them.

 For those who have questions regarding any media outlets being posted on this subreddit, please click [here](https://www.reddit.com/r/politics/wiki/approveddomainslist) to review our details as to our approved domains list and outlet criteria.
 
 We are actively looking for new moderators.  If you have any interest in helping to make this subreddit a place for quality discussion, please fill out [this form](https://docs.google.com/forms/d/1y2swHD0KXFhStGFjW6k54r9iuMjzcFqDIVwuvdLBjSA).
 

***


*I am a bot, and this action was performed automatically. Please [contact the moderators of this subreddit](/message/compose/?to=/r/politics) if you have any questions or concerns.*",1,"The text is a standard moderation message, promoting respectful discussion and providing resources. It uses neutral language and encourages positive behavior.",2025-04-04
politics,California to Negotiate Trade With Other Countries to Bypass Trump Tariffs,2025-04-04,Trump is going to launch a trade war against California in the next few days.,3,"The statement is critical, implying a negative event (trade war) orchestrated by Trump. However, it lacks hostile language, insults, or threats, making it mildly critical but still civil.",2025-04-04
politics,California to Negotiate Trade With Other Countries to Bypass Trump Tariffs,2025-04-04,"If Texas can ignore the federal government and make its own immigration policy, then I guess California can make its own trade policy. Seems fair.Â ",3,"The text presents a mildly critical comparison, suggesting a tit-for-tat approach. It's not overtly hostile, but the tone implies disagreement with Texas' actions and a degree of sarcasm.",2025-04-04
politics,California to Negotiate Trade With Other Countries to Bypass Trump Tariffs,2025-04-04,"On One hand, thatâ€™s pretty unconstitutional 

On the other hand, the constitution has already been shredded at this point, so who care",4,"The text expresses noticeable criticism of the constitution and a dismissive attitude. While not overtly hostile or insulting, the statement 'the constitution has already been shredded... so who cares' demonstrates a negative tone and disregard for a significant legal document.",2025-04-04
politics,California to Negotiate Trade With Other Countries to Bypass Trump Tariffs,2025-04-04,Bring in Washington and Oregon and get a corridor up the west coast.  Letâ€™s connect Canada and Mexico and the sane US states to create a powerhouse trading union,2,"The text expresses a political opinion, but it is not inherently hostile or insulting. It is a proposal for a trading union and uses the term ""sane US states"" which could be interpreted as mildly critical of other states, hence the score of 2.",2025-04-04
politics,"Liberal candidate wins Wisconsin Supreme Court race in blow to Trump, Musk",2025-04-01,,2,"The text reports a news event without expressing any hostile or negative opinions. It mentions individuals, but does so neutrally. There is a slight implication of negative impact for Trump and Musk based on the use of the phrase ""blow to"", but this is not inherently toxic.",
politics,"Liberal candidate wins Wisconsin Supreme Court race in blow to Trump, Musk",2025-04-01,"
As a reminder, this subreddit [is for civil discussion.](/r/politics/wiki/index#wiki_be_civil)

In general, be courteous to others. Debate/discuss/argue the merits of ideas, don't attack people. Personal insults, shill or troll accusations, hate speech, any suggestion or support of harm, violence, or death, and other rule violations can result in a permanent ban. 

If you see comments in violation of our rules, please report them.

 For those who have questions regarding any media outlets being posted on this subreddit, please click [here](https://www.reddit.com/r/politics/wiki/approveddomainslist) to review our details as to our approved domains list and outlet criteria.
 
 We are actively looking for new moderators.  If you have any interest in helping to make this subreddit a place for quality discussion, please fill out [this form](https://docs.google.com/forms/d/1y2swHD0KXFhStGFjW6k54r9iuMjzcFqDIVwuvdLBjSA).
 

***


*I am a bot, and this action was performed automatically. Please [contact the moderators of this subreddit](/message/compose/?to=/r/politics) if you have any questions or concerns.*",1,"The text is a standard subreddit moderation message. It is polite, informative, and focuses on maintaining a civil discussion environment. It includes reminders of rules, instructions on reporting violations, and information about approved domains and moderator applications. There is no negative language or hostility.",2025-04-01
politics,"Liberal candidate wins Wisconsin Supreme Court race in blow to Trump, Musk",2025-04-01,"Round of applause for Wisconsin!ðŸ‘ 

You guys did a lot more for America than most are aware of tonight.",1,"The text is completely positive and congratulatory, using a supportive tone with an emoji. There is no criticism or negative language.",2025-04-01
politics,"Liberal candidate wins Wisconsin Supreme Court race in blow to Trump, Musk",2025-04-01,Eat shit Elon,9,The phrase is a vulgar insult and expresses extreme hostility. It directly attacks an individual with offensive language.,2025-04-01
politics,"Liberal candidate wins Wisconsin Supreme Court race in blow to Trump, Musk",2025-04-01,"Good. The Florida ones were always a long-shot and the Dems still did *far* better than expected there. This was the one that felt like it could go either way, so I'm glad it worked out.",2,The text expresses a positive sentiment about election results. It includes minor criticism of the Florida outcome ('always a long-shot') but is generally respectful and congratulatory about the overall results.,2025-04-01
politics,"Liberal candidate wins Wisconsin Supreme Court race in blow to Trump, Musk",2025-04-01,Elon is going to have a major meltdown tonight after the ketamine wears off.,5,"The statement makes a negative prediction about someone's behavior based on drug use, indicating a moderately negative tone and mild hostility towards Elon Musk. While not overtly aggressive, it's critical and dismissive.",2025-04-01
politics,"Obama Breaks Silence on Trumpâ€™s â€˜Unimaginableâ€™ Presidency - â€œImagine if I had done any of this,â€ the former two-term president said.",2025-04-04,,3,"The text quotes a critical statement from Obama regarding Trump's presidency. It's mildly critical but not overtly hostile or insulting. The tone is one of questioning and implied disapproval, but it remains civil and respectful.",
politics,"Obama Breaks Silence on Trumpâ€™s â€˜Unimaginableâ€™ Presidency - â€œImagine if I had done any of this,â€ the former two-term president said.",2025-04-04,"
As a reminder, this subreddit [is for civil discussion.](/r/politics/wiki/index#wiki_be_civil)

In general, be courteous to others. Debate/discuss/argue the merits of ideas, don't attack people. Personal insults, shill or troll accusations, hate speech, any suggestion or support of harm, violence, or death, and other rule violations can result in a permanent ban. 

If you see comments in violation of our rules, please report them.

 For those who have questions regarding any media outlets being posted on this subreddit, please click [here](https://www.reddit.com/r/politics/wiki/approveddomainslist) to review our details as to our approved domains list and outlet criteria.
 
 We are actively looking for new moderators.  If you have any interest in helping to make this subreddit a place for quality discussion, please fill out [this form](https://docs.google.com/forms/d/1y2swHD0KXFhStGFjW6k54r9iuMjzcFqDIVwuvdLBjSA).
 

***


*I am a bot, and this action was performed automatically. Please [contact the moderators of this subreddit](/message/compose/?to=/r/politics) if you have any questions or concerns.*",1,"The text is a standard announcement from a subreddit, reminding users of the rules and promoting civil discussion. It's completely non-toxic and constructive.",2025-04-04
politics,"Obama Breaks Silence on Trumpâ€™s â€˜Unimaginableâ€™ Presidency - â€œImagine if I had done any of this,â€ the former two-term president said.",2025-04-04,If anyone else other than Trump did anything wrong it was like the world was ending. When it's Trump everyone has kid gloves on.,4,"The text expresses criticism and a negative tone towards a perceived double standard. While critical, it doesn't include hostility, insults, or inflammatory language. The statement is noticeable negative, but it does not warrant a higher score.",2025-04-04
politics,"Obama Breaks Silence on Trumpâ€™s â€˜Unimaginableâ€™ Presidency - â€œImagine if I had done any of this,â€ the former two-term president said.",2025-04-04,He's fucking right. They'd be blowing the damn roof off the place if *anyone* else was pulling this bullshit.,7,"The text uses aggressive language ('fucking,' 'bullshit'), indicating hostility. It also contains a minor insult implying that the subject's actions are unacceptable and deserving of severe consequences, making it fall into the 'clearly hostile' category.",2025-04-04
politics,"Obama Breaks Silence on Trumpâ€™s â€˜Unimaginableâ€™ Presidency - â€œImagine if I had done any of this,â€ the former two-term president said.",2025-04-04,"Thanks, Obama, 

for saying something",3,"The phrase ""Thanks, Obama"" is often used sarcastically to express blame or dissatisfaction. While not explicitly hostile or insulting, it carries a negative tone and implies criticism, placing it on the lower end of the mildly critical category.",2025-04-04
politics,"Obama Breaks Silence on Trumpâ€™s â€˜Unimaginableâ€™ Presidency - â€œImagine if I had done any of this,â€ the former two-term president said.",2025-04-04,Imagine if ANY Democratic president did this! Republicans would be writing up impeachment articles as we speak! ðŸ˜›,4,"The text expresses noticeable criticism towards Republicans. While not overtly hostile, it implies hypocrisy and uses a slightly negative tone. The use of the 'ðŸ˜›' emoji suggests a hint of sarcasm, further contributing to the negative tone.",2025-04-04
politics,The Trump Administration Accidentally Texted Me Its War Plans,2025-03-24,,1,"The text is a clickbait headline. It presents a potentially interesting, though likely exaggerated, situation without any negative or hostile language.",
politics,The Trump Administration Accidentally Texted Me Its War Plans,2025-03-24,"
As a reminder, this subreddit [is for civil discussion.](/r/politics/wiki/index#wiki_be_civil)

In general, be courteous to others. Debate/discuss/argue the merits of ideas, don't attack people. Personal insults, shill or troll accusations, hate speech, any suggestion or support of harm, violence, or death, and other rule violations can result in a permanent ban. 

If you see comments in violation of our rules, please report them.

 For those who have questions regarding any media outlets being posted on this subreddit, please click [here](https://www.reddit.com/r/politics/wiki/approveddomainslist) to review our details as to our approved domains list and outlet criteria.
 
 We are actively looking for new moderators.  If you have any interest in helping to make this subreddit a place for quality discussion, please fill out [this form](https://docs.google.com/forms/d/1y2swHD0KXFhStGFjW6k54r9iuMjzcFqDIVwuvdLBjSA).
 

***


*I am a bot, and this action was performed automatically. Please [contact the moderators of this subreddit](/message/compose/?to=/r/politics) if you have any questions or concerns.*",1,"The text is a standard moderation message, reminding users of the subreddit's rules and encouraging civil discourse. It contains no negative language, insults, or threats.",2025-03-24
politics,The Trump Administration Accidentally Texted Me Its War Plans,2025-03-24,"""The information contained in them, if they had been read by an adversary of the United States, could conceivably have been used to harm American military and intelligence personnel, particularly in the broader Middle East, Central Commandâ€™s area of responsibility. What I will say, in order to illustrate the shocking recklessness of this Signal conversation, is that the Hegseth post contained operational details of forthcoming strikes on Yemen, including information about targets, weapons the U.S. would be deploying, and attack sequencing.""

TLDR: Author of the article, Jeffery Goldberg, Editor-in-Chief of The Atlantic, says several times that he will not quote certain information in the interests of safety of active agents and real-time intelligence info. From clips of the convo he did include, it appears that top-level people in the President's cabinet fracked up major. **Someone included** ***the editor in chief of The Atlantic*** **in an insecure online messaging discussion of the attack. And nobody noticed or questioned who ""JG"" was while they debated a military action.** 

How horrific is it that the editor in chief of The Atlantic is more aware of the need for cybersecurity and intelligence security than, well, *everyone* in the current administration? 

Frankly, I think they would also have neglected to notice if the initials of the unknown party in their work group had been ""VP"".",5,"The text is critical of the administration's handling of sensitive information, using phrases like ""shocking recklessness,"" and implying incompetence. There is sarcasm with a rhetorical question. This constitutes moderately negative language with clear criticism and mild hostility.",2025-03-24
politics,The Trump Administration Accidentally Texted Me Its War Plans,2025-03-24,"This headline WILDLY under emphasizes how bad this was. 

US VP, SecDef, and other cabinet level officials used a method of communication to discuss battle plans, share attack specs including targets, timing,  and armaments, and did it over a channel that is not subject to Information Retention standards or approved as a secure method. The information they shared was only to be shared from within a SCIF. 

And the kicker is that one of them accidentally added a reporter and NOBODY FUCKING NOTICED.",7,"The text uses strong language ('WILDLY under emphasizes', 'NOBODY FUCKING NOTICED') and expresses clear frustration and anger, exhibiting a hostile tone. While not including threats or hate speech, the aggressive language elevates the score.",2025-03-24
politics,The Trump Administration Accidentally Texted Me Its War Plans,2025-03-24,"> I, however, knew two hours before the first bombs exploded that the attack might be coming. The reason I knew this is that **Pete Hegseth, the secretary of defense, had texted me the war plan at 11:44 a.m.** The plan included precise information about weapons packages, targets, and timing.

So was Hegseth day-drinking or still just drunk from the night before?",6,"The text contains a significant accusation (implying Hegseth leaked war plans), coupled with a sarcastic and insulting question about his sobriety, indicating moderate hostility and a negative tone.",2025-03-24
politics,The Trump Administration Accidentally Texted Me Its War Plans,2025-03-24,"This is one of those stories that in any other time would be massive front page news for days, and I bet it barely gets a headline on the major networks. I bet if I go and ask my friends and family about it this weekend no one will have any idea what I'm talking about.

This is absolutely wild.

Edit: For context, I made this comment well before the story hit major networks. I am happy that I was wrong.",3,"The text expresses mild disappointment and makes a prediction about media coverage, but it is generally respectful and civil. There's no hostility or insults.",2025-03-24
politics,"Calls for Hegseth's Resignation Spread After War Plans Text Blunder: 'If This Doesn't Get You Fired, Nothing Does'",2025-03-24,,1,Failed to parse JSON response,
politics,"Calls for Hegseth's Resignation Spread After War Plans Text Blunder: 'If This Doesn't Get You Fired, Nothing Does'",2025-03-24,"
As a reminder, this subreddit [is for civil discussion.](/r/politics/wiki/index#wiki_be_civil)

In general, be courteous to others. Debate/discuss/argue the merits of ideas, don't attack people. Personal insults, shill or troll accusations, hate speech, any suggestion or support of harm, violence, or death, and other rule violations can result in a permanent ban. 

If you see comments in violation of our rules, please report them.

 For those who have questions regarding any media outlets being posted on this subreddit, please click [here](https://www.reddit.com/r/politics/wiki/approveddomainslist) to review our details as to our approved domains list and outlet criteria.
 
 We are actively looking for new moderators.  If you have any interest in helping to make this subreddit a place for quality discussion, please fill out [this form](https://docs.google.com/forms/d/1y2swHD0KXFhStGFjW6k54r9iuMjzcFqDIVwuvdLBjSA).
 

***


*I am a bot, and this action was performed automatically. Please [contact the moderators of this subreddit](/message/compose/?to=/r/politics) if you have any questions or concerns.*",1,"The text is a neutral, informative announcement about subreddit rules and moderation. It promotes civility and provides resources for users. There is no negative language or hostility.",2025-03-24
politics,"Calls for Hegseth's Resignation Spread After War Plans Text Blunder: 'If This Doesn't Get You Fired, Nothing Does'",2025-03-24,"Former Navy officer here: Iâ€™d have been arrested and locked away for this. For less than this, actually. This is catastrophically bad.",6,"The text expresses strong disapproval and implies significant wrongdoing using the phrase ""catastrophically bad."" The comparison to potential arrest and imprisonment indicates a high level of perceived severity. The tone is critical and hints at some sarcasm by way of the comparison to their past. ",2025-03-24
politics,"Calls for Hegseth's Resignation Spread After War Plans Text Blunder: 'If This Doesn't Get You Fired, Nothing Does'",2025-03-24,Accidentally including the media in your clandestine war planning Signal chat has to be the stupidest and worst thing any Secretary of Defense could possibly do.  You couldn't brown toast with the combined brain waves of the 2 people in this picture.,7,"The text uses insults like 'stupidest and worst' and 'couldn't brown toast,' which are directed at individuals and expresses clear hostility and aggression.",2025-03-24
politics,"Calls for Hegseth's Resignation Spread After War Plans Text Blunder: 'If This Doesn't Get You Fired, Nothing Does'",2025-03-24,The Atlantic article was terrific. A peak into how dysfunctional this administration actually is.,3,"The text expresses criticism of an administration by calling it 'dysfunctional'. While critical, it's done in a relatively civil and respectful manner without any hostile language or insults.",2025-03-24
politics,"Calls for Hegseth's Resignation Spread After War Plans Text Blunder: 'If This Doesn't Get You Fired, Nothing Does'",2025-03-24,Spoiler alert this wonâ€™t get republicans fired up becauseâ€¦â€¦..checks notesâ€¦â€¦..reasons,3,"The text is mildly critical and suggests a dismissive attitude towards Republicans, but it lacks hostile language or personal attacks. The use of 'checks notes' is somewhat sarcastic but not overtly aggressive.",2025-03-24
politics,House Democrat Calls to Impeach Trump for Defying Supreme Court,2025-04-17,,1,"The text is a neutral headline reporting a political event. It is factual and does not express any negative sentiment, insults, or threats.",
politics,House Democrat Calls to Impeach Trump for Defying Supreme Court,2025-04-17,"
As a reminder, this subreddit [is for civil discussion.](/r/politics/wiki/index#wiki_be_civil)

In general, be courteous to others. Debate/discuss/argue the merits of ideas, don't attack people. Personal insults, shill or troll accusations, hate speech, any suggestion or support of harm, violence, or death, and other rule violations can result in a permanent ban. 

If you see comments in violation of our rules, please report them.

 For those who have questions regarding any media outlets being posted on this subreddit, please click [here](https://www.reddit.com/r/politics/wiki/approveddomainslist) to review our details as to our approved domains list and outlet criteria.
 
 We are actively looking for new moderators.  If you have any interest in helping to make this subreddit a place for quality discussion, please fill out [this form](https://docs.google.com/forms/d/1y2swHD0KXFhStGFjW6k54r9iuMjzcFqDIVwuvdLBjSA).
 

***


*I am a bot, and this action was performed automatically. Please [contact the moderators of this subreddit](/message/compose/?to=/r/politics) if you have any questions or concerns.*",1,"The text is a standard moderator message from a subreddit. It outlines rules of conduct, encourages respectful discussion, and provides helpful links. It is entirely non-toxic, polite, and constructive.",2025-04-17
politics,House Democrat Calls to Impeach Trump for Defying Supreme Court,2025-04-17,"It should be unanimously agreed to, and the Senate should convinct. Thatâ€™s what should happen in a functioning democracy.",2,"The text expresses a clear opinion on a political process, advocating for a specific outcome. It's direct and assertive, but lacks any hostility, insults, or inflammatory language. It's a statement of belief about how a system should function, with no negative tone towards any individual or group.",2025-04-17
politics,House Democrat Calls to Impeach Trump for Defying Supreme Court,2025-04-17,"""I do solemnly swear (or affirm) that I will faithfully execute the Office of President of the United States, and will to the best of my ability, preserve, protect and defend the Constitution of the United States.""

the man is breaking his oath multiple times daily. He needs to go.",7,"The text expresses clear hostility and a desire for the individual to leave office. The statement ""He needs to go"" is aggressive and suggests a negative sentiment, and calling someone a man and stating they are breaking their oath multiple times daily is a significant insult.",2025-04-17
politics,House Democrat Calls to Impeach Trump for Defying Supreme Court,2025-04-17,Dems should be introducing new articles of impeachment every single time this SOB does something in direct defiance of the constitution. Yeah itâ€™ll be a lot of paperwork and it wonâ€™t go anywhere at first but it will at least force the GOP to go on record saying they are fine and dandy with the president using the constitution as toilet paper. I have to hope that at least some of their constituents will take issue with that.,6,"The text uses the acronym ""SOB"" (son of a bitch) which is a moderate insult. It also expresses clear hostility towards the president and implies criticism of the GOP's potential actions. The language is aggressive although it doesn't reach levels of severe insults or threats.",2025-04-17
politics,House Democrat Calls to Impeach Trump for Defying Supreme Court,2025-04-17,"This is what needs to happen and should happen. The dead-eyed zombie seat fillers (aka Republicans) won't do it of course but Dems better commit to this bit. And by the way, the Republican party is totally destroyed. It's nothing but a personality cult now. Trump is old as shit and living off nothing but cholesterol fumes and spite. Once he is gone, they won't have a party anymore.",7,"The text contains clear hostility towards Republicans, using insults like ""dead-eyed zombie seat fillers."" It also includes a personal attack on Donald Trump, describing him with negative terms and predicting the demise of the Republican party in a clearly hostile tone. While not overtly threatening, the language is aggressive and inflammatory.",2025-04-17
politics,Jeffrey Goldberg releases more Trump Admin Signal messages,2025-03-26,,1,"The text is a neutral statement of fact, reporting information without any negative or critical tone.",
politics,Jeffrey Goldberg releases more Trump Admin Signal messages,2025-03-26,"
As a reminder, this subreddit [is for civil discussion.](/r/politics/wiki/index#wiki_be_civil)

In general, be courteous to others. Debate/discuss/argue the merits of ideas, don't attack people. Personal insults, shill or troll accusations, hate speech, any suggestion or support of harm, violence, or death, and other rule violations can result in a permanent ban. 

If you see comments in violation of our rules, please report them.

 For those who have questions regarding any media outlets being posted on this subreddit, please click [here](https://www.reddit.com/r/politics/wiki/approveddomainslist) to review our details as to our approved domains list and outlet criteria.
 
 We are actively looking for new moderators.  If you have any interest in helping to make this subreddit a place for quality discussion, please fill out [this form](https://docs.google.com/forms/d/1y2swHD0KXFhStGFjW6k54r9iuMjzcFqDIVwuvdLBjSA).
 

***


*I am a bot, and this action was performed automatically. Please [contact the moderators of this subreddit](/message/compose/?to=/r/politics) if you have any questions or concerns.*",1,"The text is entirely about promoting civil discussion, outlining rules of conduct, and providing resources. There is no negative language, hostility, or any indication of toxic behavior.",2025-03-26
politics,Jeffrey Goldberg releases more Trump Admin Signal messages,2025-03-26,I would be willing to bet Trump's next move will be try to blame this reporter and try to charge him with espionage or some shit.  Watch it happen.,6,"The text expresses a negative and hostile prediction, using the word ""shit"" and implying potential false accusations and legal trouble. While not overtly threatening, it displays moderate hostility and sarcasm.",2025-03-26
politics,Jeffrey Goldberg releases more Trump Admin Signal messages,2025-03-26,Republicans would be losing their minds if the Democrats did this.,3,"The statement expresses a mild criticism, implying that the action is questionable and might be perceived negatively by a different political group. However, it is not inherently hostile or insulting. It's more of an observation about political reactions than an attack.",2025-03-26
politics,Jeffrey Goldberg releases more Trump Admin Signal messages,2025-03-26,"If I were still in the military and I did this, Iâ€™d be in Leavenworth for fifteen or twenty.",5,"The statement implies disapproval and possible punishment. While not directly hostile, it expresses a moderately negative view and hints at the severity of potential consequences, indicating a level of criticism that could be perceived as hostile.",2025-03-26
politics,Jeffrey Goldberg releases more Trump Admin Signal messages,2025-03-26,"Pete at 11:44 a.m. on Saturday, March 15: â€œTHIS IS WHEN THE FIRST BOMBS WILL DEFINITELY DROPâ€

Pete on Tuesday, March 25th: â€œNothing we were discussing there was secret!â€",5,"The text excerpt implies a prediction of a bombing (clearly negative and concerning) and then a denial of any secrecy. While not directly hostile, the initial statement is alarming and the context suggests a potential misrepresentation of information. It shows clear criticism and mild hostility.",2025-03-26
politics,Trump's 'Great Time to Buy' Claim Hours Before Tariff Pause Raises Insider Trading Concerns,2025-04-09,,3,"The headline is critical of Trump and raises a concern, but it does so in a factual and neutral way. It doesn't use hostile or aggressive language.",
politics,Trump's 'Great Time to Buy' Claim Hours Before Tariff Pause Raises Insider Trading Concerns,2025-04-09,"
As a reminder, this subreddit [is for civil discussion.](/r/politics/wiki/index#wiki_be_civil)

In general, be courteous to others. Debate/discuss/argue the merits of ideas, don't attack people. Personal insults, shill or troll accusations, hate speech, any suggestion or support of harm, violence, or death, and other rule violations can result in a permanent ban. 

If you see comments in violation of our rules, please report them.

 For those who have questions regarding any media outlets being posted on this subreddit, please click [here](https://www.reddit.com/r/politics/wiki/approveddomainslist) to review our details as to our approved domains list and outlet criteria.
 
 We are actively looking for new moderators.  If you have any interest in helping to make this subreddit a place for quality discussion, please fill out [this form](https://docs.google.com/forms/d/1y2swHD0KXFhStGFjW6k54r9iuMjzcFqDIVwuvdLBjSA).
 

***


*I am a bot, and this action was performed automatically. Please [contact the moderators of this subreddit](/message/compose/?to=/r/politics) if you have any questions or concerns.*",1,"The text is a standard moderation message, focused on promoting civil discussion and providing information. It is respectful, constructive, and does not contain any negative or hostile language.",2025-04-09
politics,Trump's 'Great Time to Buy' Claim Hours Before Tariff Pause Raises Insider Trading Concerns,2025-04-09,Itâ€™s market manipulationâ€¦.. plain and simple!,4,"The statement accuses someone of market manipulation, which is a serious accusation. The tone is direct and critical, but lacks personal insults or inflammatory language. It suggests a noticeable negative tone but doesn't reach the level of hostility.",2025-04-09
politics,Trump's 'Great Time to Buy' Claim Hours Before Tariff Pause Raises Insider Trading Concerns,2025-04-09,They couldn't even get this guy on insurrection.  You think they're going to get him on SEC violations??,4,"The text is noticeably critical and expresses skepticism toward a legal outcome. While it uses a negative tone, it doesn't contain any hostility, insults, or inflammatory language. It simply questions the likelihood of a specific legal action.",2025-04-09
politics,Trump's 'Great Time to Buy' Claim Hours Before Tariff Pause Raises Insider Trading Concerns,2025-04-09,"""Raises Insider Trading Concerns"" = ""Nakedly Demonstrates Obvious Stock Market Manipulation""",5,"The text uses strong language like 'nakedly demonstrates' and implies illegal activity ('stock market manipulation'), indicating a moderately negative and critical tone with some hostility. It's a strong accusation and lacks civility, thus going beyond a level 4.",2025-04-09
politics,Trump's 'Great Time to Buy' Claim Hours Before Tariff Pause Raises Insider Trading Concerns,2025-04-09,I absolutely believe he and his cabinet are manipulating the market,4,"The statement expresses a negative belief and a strong accusation of market manipulation, which is critical and accusatory. While there's no name-calling or overtly hostile language, the accusation is a serious one and implies wrongdoing.",2025-04-09
politics,"Republicans panic over Trump tariffs: Last time ""we lost the House and the Senate for 60 years""",2025-04-03,,4,"The text is noticeably critical of Republicans, implying panic and potentially negative consequences. While it doesn't contain hostility or insults, it has a negative tone and could be considered inflammatory by some.",
politics,"Republicans panic over Trump tariffs: Last time ""we lost the House and the Senate for 60 years""",2025-04-03,"
As a reminder, this subreddit [is for civil discussion.](/r/politics/wiki/index#wiki_be_civil)

In general, be courteous to others. Debate/discuss/argue the merits of ideas, don't attack people. Personal insults, shill or troll accusations, hate speech, any suggestion or support of harm, violence, or death, and other rule violations can result in a permanent ban. 

If you see comments in violation of our rules, please report them.

 For those who have questions regarding any media outlets being posted on this subreddit, please click [here](https://www.reddit.com/r/politics/wiki/approveddomainslist) to review our details as to our approved domains list and outlet criteria.
 
 We are actively looking for new moderators.  If you have any interest in helping to make this subreddit a place for quality discussion, please fill out [this form](https://docs.google.com/forms/d/1y2swHD0KXFhStGFjW6k54r9iuMjzcFqDIVwuvdLBjSA).
 

***


*I am a bot, and this action was performed automatically. Please [contact the moderators of this subreddit](/message/compose/?to=/r/politics) if you have any questions or concerns.*",1,"The text is a standard, polite announcement and reminder of subreddit rules, promoting civil discussion and reporting of violations. It contains no negative language or hostility.",2025-04-03
politics,"Republicans panic over Trump tariffs: Last time ""we lost the House and the Senate for 60 years""",2025-04-03,"They wanted this. 

They supported this. 

They own this.",1,Failed to parse JSON response,2025-04-03
politics,"Republicans panic over Trump tariffs: Last time ""we lost the House and the Senate for 60 years""",2025-04-03,">Last time ""we lost the House and the Senate for 60 years""

Don't do that.

Don't give me hope.",3,"The text expresses mild frustration and criticism towards a statement or action. The phrase ""Don't give me hope"" indicates a lack of optimism or desire for something to happen, but doesn't involve hostility, insults, or aggressive language. It's a generally civil expression of disagreement.",2025-04-03
politics,"Republicans panic over Trump tariffs: Last time ""we lost the House and the Senate for 60 years""",2025-04-03,[deleted],1,"The text is '[deleted]', indicating it contains no content and therefore cannot be toxic. It is completely neutral.",2025-04-03
politics,"Republicans panic over Trump tariffs: Last time ""we lost the House and the Senate for 60 years""",2025-04-03,"Thereâ€™s a â€œthis is gonna ruin the tourâ€ energy coming out of this quote. Theyâ€™re not exactly focusing on the real issue here. They worry about control, not how their constituents will make ends meet.

GOP = Greed Over People I guessâ€¦",5,"The text displays clear criticism and a negative tone, accusing a group (GOP) of prioritizing control over the well-being of their constituents. The acronym 'GOP = Greed Over People' expresses mild hostility and a negative assessment.",2025-04-03
politics,CNN airs brutal montage of Trump officials who were in Signal chat condemning Hillary Clintonâ€™s email server,2025-03-25,,1,Failed to parse JSON response,
politics,CNN airs brutal montage of Trump officials who were in Signal chat condemning Hillary Clintonâ€™s email server,2025-03-25,"
As a reminder, this subreddit [is for civil discussion.](/r/politics/wiki/index#wiki_be_civil)

In general, be courteous to others. Debate/discuss/argue the merits of ideas, don't attack people. Personal insults, shill or troll accusations, hate speech, any suggestion or support of harm, violence, or death, and other rule violations can result in a permanent ban. 

If you see comments in violation of our rules, please report them.

 For those who have questions regarding any media outlets being posted on this subreddit, please click [here](https://www.reddit.com/r/politics/wiki/approveddomainslist) to review our details as to our approved domains list and outlet criteria.
 
 We are actively looking for new moderators.  If you have any interest in helping to make this subreddit a place for quality discussion, please fill out [this form](https://docs.google.com/forms/d/1y2swHD0KXFhStGFjW6k54r9iuMjzcFqDIVwuvdLBjSA).
 

***


*I am a bot, and this action was performed automatically. Please [contact the moderators of this subreddit](/message/compose/?to=/r/politics) if you have any questions or concerns.*",1,"The text is a set of rules and guidelines for a subreddit, promoting civil discussion and reporting violations. It is entirely respectful and constructive.",2025-03-25
politics,CNN airs brutal montage of Trump officials who were in Signal chat condemning Hillary Clintonâ€™s email server,2025-03-25,"Not sure if this comparison helps. It gives the illusion that these are comparable; they're not. This signal chat is a FAR bigger scandal on every level. This is something you get 15 years in prison for, normally. Allowing this to be both-sided is malpractice.",5,"The text uses clear criticism and a negative tone. It states the comparison is misleading and criticizes allowing it to be 'both-sided' as malpractice, indicating mild hostility.",2025-03-25
politics,CNN airs brutal montage of Trump officials who were in Signal chat condemning Hillary Clintonâ€™s email server,2025-03-25,"Maga-GOP donâ€™t care. Theyâ€™d have to have shame to feel ashamed and the only standard they have is the double standard.

Plus perverting the institution specifically to show they can do what they want is fascism 101.",6,"The text uses a negative tone, expresses clear criticism of a political group, and includes accusations of bad faith and fascism, which implies moderate hostility and sarcasm. While not containing direct insults or threats, the language used is aggressive and accusatory.",2025-03-25
politics,CNN airs brutal montage of Trump officials who were in Signal chat condemning Hillary Clintonâ€™s email server,2025-03-25,"According to [this article:](https://thehill.com/homenews/house/5211445-mike-johnson-waltz-hegseth-war-plans-signal-chat/)


>Speaker Mike Johnson (R-La.) on Monday dismissed any potential disciplinary action for national security adviser Mike Waltz and Defense Secretary Pete Hegseth after news broke that the pair and other Trump administration officials discussed plans for an attack against Houthi rebels in Yemen on a text chain that mistakenly included the editor-in-chief for The Atlantic.


Mike Johnson is really trying to follow inÂ Mitch McConnellâ€˜s footsteps by having one set of rules for Democrats and another for Republicans. Lest we forget, itâ€™s thanks toÂ McConnell that Republicans were able to pack the Supreme Court with conservative justices. Now, Democrats have to find a way to **unpack** the Supreme Court while also playing by the rules.",3,"The text is critical of Mike Johnson, accusing him of hypocrisy by drawing a comparison to Mitch McConnell. While critical, it remains respectful and civil, without resorting to insults or hostility.",2025-03-25
politics,CNN airs brutal montage of Trump officials who were in Signal chat condemning Hillary Clintonâ€™s email server,2025-03-25,Yall remember Jack Teixeira?  The Airman who leaked pentagon files a couple of years ago?  He got 15 years in prison.,1,"The text is purely factual, providing information without any negative or hostile tone. It simply states a known event and a consequence.",2025-03-25
conservative,â€˜This canâ€™t be realâ€™: How The Atlanticâ€™s editor got access to Trumpâ€™s 'private' military secrets,2025-03-24,,3,"The title is critical of The Atlantic's editor, implying access to secrets. However, it does so in a relatively neutral and inquisitive tone. While critical, it does not use hostile or aggressive language.",
conservative,â€˜This canâ€™t be realâ€™: How The Atlanticâ€™s editor got access to Trumpâ€™s 'private' military secrets,2025-03-24,"FFSâ€¦ I mean seriously, they were using SIGNAL to communicate real time military planning & actions. And even if that was okay, which it certainly is not, they accidentally added a freaking REPORTER from the Atlantic to the text group and NO-ONE noticedâ€¦. 

Unacceptable on every imaginable level.",6,"The text uses strong language like 'FFS' and 'freaking', expresses clear disapproval ('Unacceptable on every imaginable level.'), and displays sarcasm, indicating a moderately hostile tone.",2025-03-24
conservative,â€˜This canâ€™t be realâ€™: How The Atlanticâ€™s editor got access to Trumpâ€™s 'private' military secrets,2025-03-24,[deleted],1,"The text is '[deleted]', indicating the content has been removed. Since there is no content to analyze, it is considered non-toxic.",2025-03-24
conservative,â€˜This canâ€™t be realâ€™: How The Atlanticâ€™s editor got access to Trumpâ€™s 'private' military secrets,2025-03-24,Incompetent to say the least.,5,"The phrase 'Incompetent to say the least' is a clear criticism expressing a negative opinion, demonstrating mild hostility toward the subject being discussed. It's not a severe insult but conveys a negative and dismissive sentiment.",2025-03-24
conservative,â€˜This canâ€™t be realâ€™: How The Atlanticâ€™s editor got access to Trumpâ€™s 'private' military secrets,2025-03-24,Why is Signal on government phones?,3,"The text is a question expressing curiosity or concern. While the question could be interpreted as implicitly critical of the government, it lacks any hostile language or explicit negativity. It is mildly critical, but respectful and civil.",2025-03-24
conservative,â€˜This canâ€™t be realâ€™: How The Atlanticâ€™s editor got access to Trumpâ€™s 'private' military secrets,2025-03-24,"This is peak incompetence on so many levels.

First of all they are violating all kinds of OPSEC by doing this on Signal. Walz is so incompetent that he added strangers to the mix and didnâ€™t realize it. Hegseth is also very incompetent by telling the others there information about US strike packages, sequencing, and tactics. Such information shouldnâ€™t be shared anywhere! Thereâ€™s no need for Tulsi or Walz or to know the exact strategy that we use.

Second this is a violation of government records. As they worked for US government and they are on government phone their records should be kept, not deleted after X days.

This is so incompetent! Anyone doing this in the military would get booted immediately.",7,"The text uses strong negative language like 'peak incompetence,' 'violating,' and 'booted immediately.' It directly insults individuals ('incompetent') and expresses clear hostility towards their actions. While not using slurs or threats, the aggressive tone and insults warrant a high score.",2025-03-24
conservative,They're tariffing literally everyone,2025-04-03,,3,"The statement expresses disapproval of tariffs, which is a form of criticism. The use of 'literally' suggests an exaggeration for emphasis, indicating a slightly negative tone. However, it is still respectful and civil.",
conservative,They're tariffing literally everyone,2025-04-03,"This thread has been so heavily reported that I, Automoderator, decided to promote our other socials.  [Follow us on X.com](https://x.com/rcondiscord) and [join us on Discord](https://discord.com/invite/conservative).

*I am a bot, and this action was performed automatically. Please [contact the moderators of this subreddit](/message/compose/?to=/r/Conservative) if you have any questions or concerns.*",1,"The text is neutral, informative, and automated. It contains no negativity, insults, or hostile language.",2025-04-03
conservative,They're tariffing literally everyone,2025-04-03,"If youâ€™re going to roll out the most significant economic policy in the history of the U.S. maybe we shouldnâ€™t find it acceptable that you keep it under wraps until the day itâ€™s announced. And then used a fucking cardboard poster with made up tariff numbers. 

I get heâ€™s a showman but what an absolutely chaotic and incoherent rollout this whole process has been.",6,"The text uses the word 'fucking,' which is a strong expletive. It also expresses clear frustration and criticism with the phrase 'absolutely chaotic and incoherent rollout' and the general tone of the message. This indicates moderate hostility and sarcasm.",2025-04-03
conservative,They're tariffing literally everyone,2025-04-03,"Iâ€™m still under the belief that this is a negotiation tactic to get other countries to agree to more favorable terms, I think even Trump understands how negatively long term tariffs would be to an economy not prepared to independently support itself.",2,"The text expresses an opinion and a belief, offering mild criticism of potential economic strategies. It's generally respectful and constructive, with no hostile language or insults.",2025-04-03
conservative,They're tariffing literally everyone,2025-04-03,"Reminder: The S&P dropped over 3% in a single day on 8/5/2024 under Biden, and Reddit didn't make a peep

Stop buying into the fear porn, guys.",4,"The text is noticeably critical of the reaction to the S&P drop, attributing it to 'fear porn.' It implies a negative tone towards those expressing concern, but does not contain hostile language or personal attacks. It is not overtly aggressive.",2025-04-03
conservative,They're tariffing literally everyone,2025-04-03,"Finance people have been talking about overvaluation and a bubble for a couple years now. Whatâ€™s the alternative, continuing to build on the house of cards and pray it never falls? Or adjust before the pain will be too horrendous?

This is the same fear mongering that the left had regarding Argentina. Theyâ€™re now on a positive trend.",5,"The text expresses criticism and a negative tone by using phrases like ""fear mongering."" It also contains a slight element of hostility in comparing a financial situation to a political perspective (the left) and using the term to draw a parallel.",2025-04-03
conservative,Atlantic reporter publishes full texts from Houthi group chat,2025-03-26,,1,The text is a neutral statement of fact and contains no negative or hostile language.,
conservative,Atlantic reporter publishes full texts from Houthi group chat,2025-03-26,"This thread has been so heavily reported that I, Automoderator, decided to promote our other socials.  [Follow us on X.com](https://x.com/rcondiscord) and [join us on Discord](https://discord.com/invite/conservative).

*I am a bot, and this action was performed automatically. Please [contact the moderators of this subreddit](/message/compose/?to=/r/Conservative) if you have any questions or concerns.*",1,"The text is neutral, informational, and automated. It promotes social media accounts without any negative language or hostility.",2025-03-26
conservative,Atlantic reporter publishes full texts from Houthi group chat,2025-03-26,"The messaging is confusing, Waltz was all over the place last night on Ingraham Angle. He said he didnâ€™t know this journalist at all, then how would he have his phone number?

The screenshot says that he added him to the group and then started the text messaging. Is he saying that it was a staffer using his phone and writing the text messages on his behalf?

Unfortunately there needs to be some consequences here, heads need to roll, otherwise itâ€™s a double standard.",5,"The text criticizes Waltz's actions, expresses disapproval, and calls for consequences. While there's no direct insult or hate speech, it exhibits a moderately negative tone and mild hostility through the demand for 'consequences' and 'heads need to roll'.",2025-03-26
conservative,Atlantic reporter publishes full texts from Houthi group chat,2025-03-26,"Having read the screenshots myself, I think the damning message is Hegseth's timeline. If Signal is not a secure communication channel, that shit shouldn't be posted there.


I still can't wrap my mind around how a reporter could accidentally be added to this thread. There's gotta be more there. At worst Mike is a rat and trying to make the administration look bad. At best it was a stupid mistake, but the administration still looks bad. And its defenders look like morons- is Signal secure or not? If not, heads should roll. If it is, how were they able to add a reporter? Heads should still roll.


The mental gymnastics and semantics of ""war plans"" vs ""attack plans"" is a really bad look. Trump should have blown up, fired Mike Waltz immediately and gave Hegseth/Vance a dressing-down at the very least. No accountability for clear fuckups.",7,"The text contains clear hostility with aggressive language and insults (e.g., ""morons,"" ""fuckups,"" ""heads should roll""). While not reaching the extreme levels of threat or hate speech, the tone is significantly negative and aggressive towards individuals and the situation.",2025-03-26
conservative,Atlantic reporter publishes full texts from Houthi group chat,2025-03-26,Goldberg actually put up instead of shutting up and folding like a lawn chair.  I honestly didnâ€™t think he had it in him.,5,"The text uses moderately negative language, implying Goldberg was expected to fail. The phrase 'shutting up and folding like a lawn chair' is a mildly insulting simile.",2025-03-26
conservative,Atlantic reporter publishes full texts from Houthi group chat,2025-03-26,[removed],1,No JSON found in response,2025-03-26
conservative,I regret voting for Donald Trump,2025-04-01,,1,"The statement expresses a personal opinion and regret without any negative language, insults, or hostility towards anyone.",
conservative,I regret voting for Donald Trump,2025-04-01,"This thread has been so heavily reported that I, Automoderator, decided to promote our other socials.  [Follow us on X.com](https://x.com/rcondiscord) and [join us on Discord](https://discord.com/invite/conservative).

*I am a bot, and this action was performed automatically. Please [contact the moderators of this subreddit](/message/compose/?to=/r/Conservative) if you have any questions or concerns.*",1,"The text is completely non-toxic. It is a neutral announcement from an automated bot, providing information about social media links and a contact for inquiries.",2025-04-01
conservative,I regret voting for Donald Trump,2025-04-01,![gif](giphy|y2i2oqWgzh5ioRp4Qa),1,"The text contains only a GIF link, which is inherently non-toxic. There is no text or context to suggest negativity or hostility.",2025-04-01
conservative,I regret voting for Donald Trump,2025-04-01,"Ok you got us, at least me",1,The text is a simple acknowledgment and is non-toxic. It lacks any negative or hostile elements.,2025-04-01
conservative,I regret voting for Donald Trump,2025-04-01,I am tired of Donald Trump's lies. He keeps violating a core campaign promise. He said I would get tired of winning!,3,"The text expresses clear frustration and criticism of Donald Trump, but it does so without any insults, hostile language, or personal attacks. It is mildly critical.",2025-04-01
conservative,I regret voting for Donald Trump,2025-04-01,![gif](giphy|XOywjQnU8R89q|downsized),1,"The text contains only a GIF, which is a non-verbal form of communication. It is neither disrespectful nor constructive, but also not hostile or harmful. It is neutral.",2025-04-01
conservative,Trump teases running for a third term: 'Not joking',2025-03-30,,1,"The text is a factual reporting of an event and contains no negative language, insults, or any other indicators of toxicity.",
conservative,Trump teases running for a third term: 'Not joking',2025-03-30,"This thread has been so heavily reported that I, Automoderator, decided to promote our other socials.  [Follow us on X.com](https://x.com/rcondiscord) and [join us on Discord](https://discord.com/invite/conservative).

*I am a bot, and this action was performed automatically. Please [contact the moderators of this subreddit](/message/compose/?to=/r/Conservative) if you have any questions or concerns.*",1,"The text is neutral and informational. It's a standard bot response with links to social media. There's no negative language, hostility, or insults.",2025-03-30
conservative,Trump teases running for a third term: 'Not joking',2025-03-30,"No thank you, the 22nd Amendment exists for a reason. You're done after two, no matter what you accomplish or who you are. We have plenty of leaders who can step into the role in 2028.",2,"The text expresses disagreement with a hypothetical situation, referencing the 22nd Amendment. While it's a firm statement, it's civil and doesn't contain insults or hostility.",2025-03-30
conservative,Trump teases running for a third term: 'Not joking',2025-03-30,"1) No. Term limits are there for a reason and we need more of them, not get rid of them.

2) He'll be too old. 

He needs to worry about laying the foundation for the future, not trying to be the future. He has less than three years, maybe only until the midterms to build the fundamental groundwork we need to continue the momentum forward.",3,"The text expresses disagreement and criticism regarding term limits and an individual's age. While critical, the language is generally respectful and civil, without any hostility, insults, or inflammatory language.",2025-03-30
conservative,Trump teases running for a third term: 'Not joking',2025-03-30,Can we get through year 1 with out any more bullshit. Dont we have more important things to worry about,5,"The text uses a negative tone with clear criticism and mild hostility. The word ""bullshit"" is impolite, and the statement implies frustration and annoyance.",2025-03-30
conservative,Trump teases running for a third term: 'Not joking',2025-03-30,"This is unfortunately on par for Trump, and I think his biggest fault. No, you arenâ€™t getting a third term unless you change the Constitution, which isnâ€™t happening.Â ",3,The text expresses criticism of Trump but does so in a civil and respectful manner. It is a mildly critical observation without any hostility or insults.,2025-03-30
conservative,My Opinion: Autopen Signatures are Valid,2025-03-23,,1,"The text is a simple statement of opinion and is neutral in tone. There's no negativity, hostility, or any indication of toxicity.",
conservative,My Opinion: Autopen Signatures are Valid,2025-03-23,"This thread has been so heavily reported that I, Automoderator, decided to promote our other socials.  [Follow us on X.com](https://x.com/rcondiscord) and [join us on Discord](https://discord.com/invite/conservative).

*I am a bot, and this action was performed automatically. Please [contact the moderators of this subreddit](/message/compose/?to=/r/Conservative) if you have any questions or concerns.*",1,"The text is from an automated bot and is purely informative, directing users to social media platforms. It's respectful and constructive.",2025-03-23
conservative,My Opinion: Autopen Signatures are Valid,2025-03-23,Unless you can prove that Biden didn't authorize them they are valid.,3,"The statement expresses a mildly critical perspective by implying a lack of proof invalidates something. It's not overtly hostile or insulting, but it's a direct challenge that could be perceived as critical.",2025-03-23
conservative,My Opinion: Autopen Signatures are Valid,2025-03-23,I agree with you on this one. Autopen had always been treated like an in person actual signature in every other instance. It is disingenuous to try and argue otherwise just because we think the guy was an idiot.,1,Failed to parse JSON response,2025-03-23
conservative,My Opinion: Autopen Signatures are Valid,2025-03-23,"The burden of proof is on the accuser. So, yes, if Trump claims that they were autopenned without his consent and approval then it's on Trump to prove that. And that will be impossible to prove and a waste of time.

But that's not what he's going for. He's just trying to sow more seeds of discontent with his base.",4,"The text is noticeably critical of Trump, implying he is intentionally misleading his supporters. While there's criticism and a negative tone, it's not overtly hostile or insulting.",2025-03-23
conservative,My Opinion: Autopen Signatures are Valid,2025-03-23,"I agree, but the POTUS needs to be aware of what is being auto signed.",1,"The text is a simple agreement followed by a suggestion. It is respectful, constructive, and uses no negative language.",2025-03-23
conservative,There are many ways to protest...,2025-03-23,,1,The text is a neutral statement with no negative or hostile content. It's a harmless opening to a discussion.,
conservative,There are many ways to protest...,2025-03-23,"This thread has been so heavily reported that I, Automoderator, decided to promote our other socials.  [Follow us on X.com](https://x.com/rcondiscord) and [join us on Discord](https://discord.com/invite/conservative).

*I am a bot, and this action was performed automatically. Please [contact the moderators of this subreddit](/message/compose/?to=/r/Conservative) if you have any questions or concerns.*",1,"The text is neutral, informational, and lacks any negative or hostile elements. It's a bot posting links to social media.",2025-03-23
conservative,There are many ways to protest...,2025-03-23,They LOVE to bring Jan 6 up and not the cities that burned during the BLM protests,4,"The text expresses criticism and a negative tone by pointing out a perceived imbalance in media coverage. While it's critical of a specific group (those who bring up Jan 6), it does not include hostile language, insults, or threats.",2025-03-23
conservative,There are many ways to protest...,2025-03-23,"BUT WHAT ABOUT JANUARY 6TH?!

-Some idiot Democrat",5,"The text exhibits clear criticism and a moderately negative tone. The phrase ""Some idiot Democrat"" is mildly hostile and insulting, but the statement is short and does not contain severe language or threats.",2025-03-23
conservative,There are many ways to protest...,2025-03-23,"But seriously, I stopped buying Bud light one week, will never buy it again and it was the easiest thing I ever did",2,The statement expresses a personal opinion and a decision without any hostile or aggressive language. It's mildly critical by implying disapproval of Bud Light but remains respectful and civil.,2025-03-23
conservative,There are many ways to protest...,2025-03-23,Fiery but mostly peacefulâ„¢,5,"The phrase ""Fiery but mostly peacefulâ„¢"" is a sarcastic and mocking reference to a phrase used to describe protests. This sarcasm, combined with its inherent implication of violence and downplaying of negative events, indicates a moderately negative tone and mild hostility.",2025-03-23
conservative,"YOU DON'T HAVE THE CARDS, KOWALSKI",2025-04-03,,5,"The phrase is directly critical and confrontational, implying a deficiency or lack of something. While not using insults, the capitalized words and tone suggest a moderately negative and hostile delivery.",
conservative,"YOU DON'T HAVE THE CARDS, KOWALSKI",2025-04-03,Antarctica needs to lower their tarrifs.,1,The statement is a simple declarative sentence offering a suggestion. It is neither hostile nor disrespectful.,2025-04-03
conservative,"YOU DON'T HAVE THE CARDS, KOWALSKI",2025-04-03,What the hell did you do to Trumpâ€™s hand?,5,"The phrase ""What the hell"" indicates frustration and a negative tone. The question is accusatory and implies something negative happened to Trump's hand, demonstrating mild hostility.",2025-04-03
conservative,"YOU DON'T HAVE THE CARDS, KOWALSKI",2025-04-03,[deleted],1,"The text is '[deleted]', which means the content has been removed. Therefore, there is no content to analyze for toxicity.",2025-04-03
conservative,"YOU DON'T HAVE THE CARDS, KOWALSKI",2025-04-03,Damn penguin doesn't even have the decency to wear a tie in the White House. They should sanction them. /s,6,"The text uses the word 'damn', expresses disapproval with a sarcastic tone ('/s'), and calls for sanctions, indicating moderate hostility and sarcasm towards the subject.",2025-04-04
conservative,"YOU DON'T HAVE THE CARDS, KOWALSKI",2025-04-03,Fuck em penguins,7,"The use of the word 'fuck' is aggressive and hostile. While directed at penguins, the statement's hostility and vulgarity warrant a high toxicity score.",2025-04-03
conservative,President Nayib Bukele says Kilmar Garcia cannot be returned to US,2025-04-14,,1,"The text is a factual statement reporting information. It contains no negative language, criticism, or hostility.",
conservative,President Nayib Bukele says Kilmar Garcia cannot be returned to US,2025-04-14,"This thread has been so heavily reported that I, Automoderator, decided to promote our other socials.  [Follow us on X.com](https://x.com/rcondiscord) and [join us on Discord](https://discord.com/invite/conservative).

*I am a bot, and this action was performed automatically. Please [contact the moderators of this subreddit](/message/compose/?to=/r/Conservative) if you have any questions or concerns.*",1,"The text is purely informational and automated, with no negative or hostile language.",2025-04-14
conservative,President Nayib Bukele says Kilmar Garcia cannot be returned to US,2025-04-14,"Is it not a little concerning that the Government can make an ""administrative error"", send someone in custody to a prison in a foreign country in contravention of a lawful court order and then its just ""oh well, not our problem""? 

They've floated sending US citizens to prisons in El Savador as well, would they then also fall outside the scope of any American jurisdiction?",5,"The text expresses clear criticism and concern about the government's actions, with a moderately negative tone. It questions the government's competence and responsibility, suggesting a lack of accountability. While critical, it doesn't use insults or overtly hostile language, but the tone is clearly disapproving.",2025-04-14
conservative,President Nayib Bukele says Kilmar Garcia cannot be returned to US,2025-04-14,"The supreme Court said it was up to El Salvador if he should return to the US, not a district court. El Salvador president said he will remain in his home country, and will NOT be returned to Maryland.",1,"The text is factual and reports information without any negative tone, criticism, or hostility. It simply states the decisions made by the Supreme Court and the President of El Salvador.",2025-04-14
conservative,President Nayib Bukele says Kilmar Garcia cannot be returned to US,2025-04-14,[deleted],1,"The text is '[deleted]' which indicates the original content has been removed. Without any text, it is impossible to assess toxicity.",2025-04-14
conservative,President Nayib Bukele says Kilmar Garcia cannot be returned to US,2025-04-14,"Moral of the story - if you want to stay in the US, come legally and donâ€™t have a connection with the cartels, which are now terrorist organizations.",4,"The text expresses a critical view on illegal immigration and implies that those with cartel connections should not be in the US. While not overtly hostile, the statement contains a noticeable criticism and negative tone. The use of the term ""terrorist organizations"" to describe cartels is also a charged term and could be considered inflammatory, raising the score from a 3. There is no direct insult or aggressive language.",2025-04-14
conservative,Reddits Algorithm Is forcing Every Protest In the Nation To Hit My Feed,2025-04-07,,3,"The text expresses a complaint (algorithm forcing content), but does so in a neutral tone without any insults or aggression. It is mildly critical of the algorithm.",
conservative,Reddits Algorithm Is forcing Every Protest In the Nation To Hit My Feed,2025-04-07,"The site has been unusable in general ever since the election.

Plenty of subs that I once enjoyed like AskReddit have just become circlejerks with questions like â€œWhat are your thoughts on Trump doing xyzâ€ and the answers being about what you expect.

Other subs just throw low effort posts that donâ€™t live up the subredditâ€™s namesake. No, AOC and Bernie speaking at a rally is not a public freakout. 

Okay cool, I'll just filter out the subreddits so I dont come across them, right? Yeah until another astroturfed sub pops out of nowhere with a corny name like â€œAnythingGoesNewsâ€. Either that or some town in Bumfuck, Ohio with a population of 5,000 has a post that says â€œFuck Trumpâ€ hit the frontpage with 50k upvotes.

Alright fine, guess Iâ€™ll stick to the subs Iâ€™m subscribed to, mostly sports or hobby subs, and wont venture to Popular or r/all.

Oh wow, Ovi broke a goal-scoring record that was thought to be seemingly unbreakable. This is such a historic and once in a lifetime event. Surely there wont be anything political about this historic hockey achievement. *Reads comments.* â€œFrom one Russian asset to anotherâ€, â€œMAGAt vs Putin supporterâ€. Ffs

This site fucking blows now, but at least itâ€™s helping me kick my addiction of compulsively using this app.",6,"The text expresses frustration and negativity towards the platform. It uses language like ""fucking blows"" and sarcastic comments. There is a moderate level of hostility towards political discussions and the perceived direction of the site.",2025-04-07
conservative,Reddits Algorithm Is forcing Every Protest In the Nation To Hit My Feed,2025-04-07,"The transformation of Reddit over the last decade+ has been something else. When I joined (different account than this one) it was very different. Ron Paul was the overwhelming favorite presidential candidate of the masses in 2012. However, U.S. politics didn't dominate every single corner of the website like it has since 2016.

There was also difference of opinion and nuance to discussions. However, a lot of the sub was sorta 4-Chan lite and political discussions had to be sought out.

I'd wager to guess that 80%-90% of the traffic on here is fake. More and more I'm convinced it's just bots arguing with each other. It's like a classic example of the dead internet theory.",4,"The text is critical of Reddit and suggests a negative shift in its user base and content. It uses phrases like ""fake"" and makes a strong claim about the prevalence of bots. While there is a negative tone and clear criticism, there's no direct hostility, insults, or inflammatory language.",2025-04-07
conservative,Reddits Algorithm Is forcing Every Protest In the Nation To Hit My Feed,2025-04-07,[deleted],1,"The text is '[deleted]', which contains no words or content, and thus cannot be toxic.",2025-04-07
conservative,Reddits Algorithm Is forcing Every Protest In the Nation To Hit My Feed,2025-04-07,"In my local city sub, I have a front-row seat to the site's astroturfing. anti-Trump posts get 2-3x more upvotes than anything else, & the weekend protests, 4-5x. Threads filled with commenters who are never in the sub otherwise, or are either obvious bots/pasting the same comment in every thread about the protests in dozens of subs. the runup to the election was the worst

  
Reddit is lucky its relatively smaller size compared to the other big social media sites allows it to largely stay under the radar, otherwise they'd have to cut with the bullshit like Facebook & Twitter",5,"The text expresses clear criticism and a moderately negative tone towards the perceived astroturfing and political bias on Reddit. It contains mild hostility, using language like 'bullshit' and implying manipulation.",2025-04-07
conservative,Reddits Algorithm Is forcing Every Protest In the Nation To Hit My Feed,2025-04-07,"So many subs have become so political they are practically useless. There was a finance sub I used to frequent (no, not that one), and it was fairly non-political. But after the election it was nothing but TDS posts all day.",3,"The text expresses mild criticism of a shift in the subject matter of online communities, but it does so without hostility, insults, or inflammatory language. The reference to ""TDS posts"" implies a negative view of the content, but it's not directly aggressive.",2025-04-07
